4212,548,0,Iron,iron,red
4212,540,0,Iron,iron,red
4220,532,0,Iron,iron,red
4220,540,0,Iron,iron,red
4228,532,0,Iron,iron,red
4236,532,0,Iron,iron,red
4244,556,0,Iron,iron,red
4244,564,0,Iron,iron,red
4220,508,0,Iron,iron,red
4212,508,0,Iron,iron,red
4204,484,0,Iron,iron,red
4204,476,0,Iron,iron,red
4188,460,0,Iron,iron,red
4180,460,0,Iron,iron,red
4164,444,0,Iron,iron,red
4164,436,0,Iron,iron,red
4156,436,0,Iron,iron,red
4148,420,0,Iron,iron,red
4140,420,0,Iron,iron,red
4140,412,0,Iron,iron,red
4124,396,0,Iron,iron,red
4116,396,0,Iron,iron,red
4108,396,0,Iron,iron,red
4092,380,0,Iron,iron,red
4092,372,0,Iron,iron,red
4076,356,0,Iron,iron,red
4076,348,0,Iron,iron,red
4060,332,0,Iron,iron,red
4052,332,0,Iron,iron,red
4052,324,0,Iron,iron,red
4036,308,0,Iron,iron,red
4028,308,0,Iron,iron,red
4020,308,0,Iron,iron,red
4012,316,0,Iron,iron,red
4012,324,0,Iron,iron,red
4020,316,0,Iron,iron,red
4028,316,0,Iron,iron,red
4036,332,0,Iron,iron,red
4044,332,0,Iron,iron,red
4036,340,0,Iron,iron,red
4044,340,0,Iron,iron,red
4028,340,0,Iron,iron,red
4028,348,0,Iron,iron,red
4020,348,0,Iron,iron,red
4012,348,0,Iron,iron,red
4020,340,0,Iron,iron,red
4044,308,0,Iron,iron,red
4036,300,0,Iron,iron,red
4028,284,0,Iron,iron,red
4020,284,0,Iron,iron,red
4020,276,0,Iron,iron,red
3996,268,0,Iron,iron,red
3988,268,0,Iron,iron,red
3980,268,0,Iron,iron,red
3972,268,0,Iron,iron,red
3948,260,0,Iron,iron,red
3940,260,0,Iron,iron,red
3940,284,0,Iron,iron,red
3940,292,0,Iron,iron,red
3948,316,0,Iron,iron,red
3956,316,0,Iron,iron,red
3956,340,0,Iron,iron,red
3964,340,0,Iron,iron,red
3964,348,0,Iron,iron,red
3972,364,0,Iron,iron,red
3972,372,0,Iron,iron,red
3980,396,0,Iron,iron,red
3980,404,0,Iron,iron,red
3932,444,0,Iron,iron,red
3924,452,0,Iron,iron,red
3924,460,0,Iron,iron,red
3932,476,0,Iron,iron,red
3940,476,0,Iron,iron,red
3940,484,0,Iron,iron,red
3964,492,0,Iron,iron,red
3972,492,0,Iron,iron,red
3980,492,0,Iron,iron,red
3988,492,0,Iron,iron,red
3996,492,0,Iron,iron,red
4036,492,0,Iron,iron,red
4044,492,0,Iron,iron,red
4051,484,0,Iron,iron,red
4044,484,0,Iron,iron,red
4068,452,0,Iron,iron,red
4068,444,0,Iron,iron,red
4052,428,0,Iron,iron,red
4044,428,0,Iron,iron,red
4044,436,0,Iron,iron,red
4036,436,0,Iron,iron,red
4036,428,0,Iron,iron,red
4020,436,0,Iron,iron,red
4028,436,0,Iron,iron,red
4028,444,0,Iron,iron,red
4020,444,0,Iron,iron,red
4052,452,0,Iron,iron,red
4052,460,0,Iron,iron,red
4044,460,0,Iron,iron,red
4028,468,0,Iron,iron,red
4036,468,0,Iron,iron,red
4035,460,0,Iron,iron,red
4044,468,0,Iron,iron,red
4084,436,0,Iron,iron,red
4100,428,0,Iron,iron,red
4108,428,0,Iron,iron,red
4116,428,0,Iron,iron,red
4116,452,0,Iron,iron,red
4092,444,0,Iron,iron,red
4084,444,0,Iron,iron,red
4076,444,0,Iron,iron,red
4084,468,0,Iron,iron,red
4084,476,0,Iron,iron,red
4076,476,0,Iron,iron,red
4076,484,0,Iron,iron,red
4068,484,0,Iron,iron,red
4084,500,0,Iron,iron,red
4092,500,0,Iron,iron,red
4100,500,0,Iron,iron,red
4100,492,0,Iron,iron,red
4108,500,0,Iron,iron,red
4132,508,0,Iron,iron,red
4140,508,0,Iron,iron,red
4132,516,0,Iron,iron,red
4140,516,0,Iron,iron,red
4148,532,0,Iron,iron,red
4148,540,0,Iron,iron,red
4156,540,0,Iron,iron,red
4164,556,0,Iron,iron,red
4172,557,0,Iron,iron,red
4172,564,0,Iron,iron,red
4180,580,0,Iron,iron,red
4180,588,0,Iron,iron,red
4188,588,0,Iron,iron,red
4196,604,0,Iron,iron,red
4196,612,0,Iron,iron,red
4204,612,0,Iron,iron,red
4212,612,0,Iron,iron,red
4252,588,0,Iron,iron,red
4260,588,0,Iron,iron,red
4260,580,0,Iron,iron,red
4212,604,0,Iron,iron,red
4204,604,0,Iron,iron,red
4212,580,0,Iron,iron,red
4204,580,0,Iron,iron,red
4204,572,0,Iron,iron,red
4228,572,0,Iron,iron,red
4236,564,0,Iron,iron,red
4228,564,0,Iron,iron,red
780,1684,0,Iron,iron,red
780,1676,0,Iron,iron,red
788,1676,0,Iron,iron,red
796,1676,0,Iron,iron,red
796,1668,0,Iron,iron,red
804,1668,0,Iron,iron,red
804,1660,0,Iron,iron,red
796,1644,0,Iron,iron,red
804,1636,0,Iron,iron,red
796,1636,0,Iron,iron,red
796,1612,0,Iron,iron,red
788,1612,0,Iron,iron,red
780,1612,0,Iron,iron,red
772,1620,0,Iron,iron,red
780,1620,0,Iron,iron,red
764,1628,0,Iron,iron,red
764,1652,0,Iron,iron,red
796,1604,0,Iron,iron,red
788,1604,0,Iron,iron,red
780,1588,0,Iron,iron,red
772,1588,0,Iron,iron,red
772,1580,0,Iron,iron,red
748,1572,0,Iron,iron,red
740,1572,0,Iron,iron,red
732,1572,0,Iron,iron,red
724,1572,0,Iron,iron,red
692,1564,0,Iron,iron,red
692,1556,0,Iron,iron,red
684,1556,0,Iron,iron,red
660,1548,0,Iron,iron,red
652,1548,0,Iron,iron,red
652,1540,0,Iron,iron,red
636,1524,0,Iron,iron,red
628,1524,0,Iron,iron,red
612,1508,0,Iron,iron,red
604,1508,0,Iron,iron,red
604,1500,0,Iron,iron,red
596,1508,0,Iron,iron,red
588,1508,0,Iron,iron,red
564,1500,0,Iron,iron,red
556,1500,0,Iron,iron,red
548,1500,0,Iron,iron,red
532,1484,0,Iron,iron,red
524,1484,0,Iron,iron,red
524,1476,0,Iron,iron,red
508,1460,0,Iron,iron,red
500,1460,0,Iron,iron,red
484,1444,0,Iron,iron,red
484,1436,0,Iron,iron,red
476,1436,0,Iron,iron,red
460,1420,0,Iron,iron,red
460,1412,0,Iron,iron,red
452,1412,0,Iron,iron,red
444,1396,0,Iron,iron,red
436,1396,0,Iron,iron,red
436,1388,0,Iron,iron,red
404,1380,0,Iron,iron,red
396,1380,0,Iron,iron,red
388,1380,0,Iron,iron,red
364,1372,0,Iron,iron,red
356,1372,0,Iron,iron,red
348,1372,0,Iron,iron,red
316,1364,0,Iron,iron,red
300,1372,0,Iron,iron,red
292,1372,0,Iron,iron,red
284,1372,0,Iron,iron,red
276,1380,0,Iron,iron,red
276,1372,0,Iron,iron,red
268,1380,0,Iron,iron,red
268,1404,0,Iron,iron,red
260,1412,0,Iron,iron,red
268,1412,0,Iron,iron,red
260,1420,0,Iron,iron,red
268,1436,0,Iron,iron,red
268,1444,0,Iron,iron,red
276,1444,0,Iron,iron,red
276,1468,0,Iron,iron,red
284,1468,0,Iron,iron,red
292,1492,0,Iron,iron,red
300,1492,0,Iron,iron,red
308,1492,0,Iron,iron,red
308,1484,0,Iron,iron,red
316,1484,0,Iron,iron,red
316,1476,0,Iron,iron,red
324,1476,0,Iron,iron,red
340,1468,0,Iron,iron,red
348,1468,0,Iron,iron,red
356,1460,0,Iron,iron,red
348,1444,0,Iron,iron,red
356,1436,0,Iron,iron,red
364,1428,0,Iron,iron,red
364,1436,0,Iron,iron,red
372,1428,0,Iron,iron,red
380,1428,0,Iron,iron,red
388,1444,0,Iron,iron,red
364,1460,0,Iron,iron,red
372,1460,0,Iron,iron,red
372,1452,0,Iron,iron,red
380,1452,0,Iron,iron,red
388,1452,0,Iron,iron,red
396,1444,0,Iron,iron,red
404,1436,0,Iron,iron,red
412,1436,0,Iron,iron,red
420,1436,0,Iron,iron,red
428,1428,0,Iron,iron,red
420,1428,0,Iron,iron,red
436,1428,0,Iron,iron,red
436,1420,0,Iron,iron,red
444,1420,0,Iron,iron,red
452,1420,0,Iron,iron,red
444,1428,0,Iron,iron,red
428,1436,0,Iron,iron,red
412,1444,0,Iron,iron,red
404,1444,0,Iron,iron,red
396,1452,0,Iron,iron,red
380,1484,0,Iron,iron,red
380,1492,0,Iron,iron,red
372,1492,0,Iron,iron,red
364,1492,0,Iron,iron,red
356,1492,0,Iron,iron,red
348,1476,0,Iron,iron,red
340,1476,0,Iron,iron,red
332,1476,0,Iron,iron,red
324,1484,0,Iron,iron,red
332,1500,0,Iron,iron,red
340,1500,0,Iron,iron,red
348,1500,0,Iron,iron,red
356,1524,0,Iron,iron,red
356,1532,0,Iron,iron,red
364,1548,0,Iron,iron,red
372,1548,0,Iron,iron,red
380,1548,0,Iron,iron,red
388,1548,0,Iron,iron,red
404,1564,0,Iron,iron,red
412,1564,0,Iron,iron,red
420,1564,0,Iron,iron,red
436,1580,0,Iron,iron,red
444,1580,0,Iron,iron,red
452,1580,0,Iron,iron,red
460,1580,0,Iron,iron,red
508,1556,0,Iron,iron,red
532,1564,0,Iron,iron,red
532,1572,0,Iron,iron,red
540,1572,0,Iron,iron,red
548,1596,0,Iron,iron,red
548,1588,0,Iron,iron,red
564,1612,0,Iron,iron,red
564,1620,0,Iron,iron,red
572,1620,0,Iron,iron,red
588,1636,0,Iron,iron,red
588,1644,0,Iron,iron,red
596,1644,0,Iron,iron,red
612,1660,0,Iron,iron,red
620,1660,0,Iron,iron,red
628,1660,0,Iron,iron,red
652,1668,0,Iron,iron,red
660,1668,0,Iron,iron,red
668,1668,0,Iron,iron,red
668,1676,0,Iron,iron,red
684,1684,0,Iron,iron,red
692,1684,0,Iron,iron,red
700,1684,0,Iron,iron,red
3740,2524,0,Iron,iron,red
3716,2548,0,Iron,iron,red
3772,2580,0,Iron,iron,red
3772,2604,0,Iron,iron,red
1324,1236,0,Iron,iron,red
1332,1228,0,Iron,iron,red
1340,1228,0,Iron,iron,red
1308,1244,0,Iron,iron,red
1244,1244,0,Iron,iron,red
1236,1244,0,Iron,iron,red
1236,1268,0,Iron,iron,red
1228,1252,0,Iron,iron,red
1244,1236,0,Iron,iron,red
1252,1236,0,Iron,iron,red
1260,1236,0,Iron,iron,red
1252,1228,0,Iron,iron,red
1260,1228,0,Iron,iron,red
1268,1228,0,Iron,iron,red
1268,1220,0,Iron,iron,red
1276,1220,0,Iron,iron,red
1276,1228,0,Iron,iron,red
780,1684,0,Iron,iron,red
780,1676,0,Iron,iron,red
788,1676,0,Iron,iron,red
796,1676,0,Iron,iron,red
796,1668,0,Iron,iron,red
804,1668,0,Iron,iron,red
804,1660,0,Iron,iron,red
796,1644,0,Iron,iron,red
804,1636,0,Iron,iron,red
796,1636,0,Iron,iron,red
796,1612,0,Iron,iron,red
788,1612,0,Iron,iron,red
780,1612,0,Iron,iron,red
772,1620,0,Iron,iron,red
780,1620,0,Iron,iron,red
764,1628,0,Iron,iron,red
764,1652,0,Iron,iron,red
796,1604,0,Iron,iron,red
788,1604,0,Iron,iron,red
780,1588,0,Iron,iron,red
772,1588,0,Iron,iron,red
772,1580,0,Iron,iron,red
748,1572,0,Iron,iron,red
740,1572,0,Iron,iron,red
732,1572,0,Iron,iron,red
724,1572,0,Iron,iron,red
692,1564,0,Iron,iron,red
692,1556,0,Iron,iron,red
684,1556,0,Iron,iron,red
660,1548,0,Iron,iron,red
652,1548,0,Iron,iron,red
652,1540,0,Iron,iron,red
636,1524,0,Iron,iron,red
628,1524,0,Iron,iron,red
612,1508,0,Iron,iron,red
604,1508,0,Iron,iron,red
604,1500,0,Iron,iron,red
596,1508,0,Iron,iron,red
588,1508,0,Iron,iron,red
564,1500,0,Iron,iron,red
556,1500,0,Iron,iron,red
548,1500,0,Iron,iron,red
532,1484,0,Iron,iron,red
524,1484,0,Iron,iron,red
524,1476,0,Iron,iron,red
508,1460,0,Iron,iron,red
500,1460,0,Iron,iron,red
484,1444,0,Iron,iron,red
484,1436,0,Iron,iron,red
476,1436,0,Iron,iron,red
460,1420,0,Iron,iron,red
460,1412,0,Iron,iron,red
452,1412,0,Iron,iron,red
444,1396,0,Iron,iron,red
436,1396,0,Iron,iron,red
436,1388,0,Iron,iron,red
404,1380,0,Iron,iron,red
396,1380,0,Iron,iron,red
388,1380,0,Iron,iron,red
364,1372,0,Iron,iron,red
356,1372,0,Iron,iron,red
348,1372,0,Iron,iron,red
316,1364,0,Iron,iron,red
300,1372,0,Iron,iron,red
292,1372,0,Iron,iron,red
284,1372,0,Iron,iron,red
276,1380,0,Iron,iron,red
276,1372,0,Iron,iron,red
268,1380,0,Iron,iron,red
268,1404,0,Iron,iron,red
260,1412,0,Iron,iron,red
268,1412,0,Iron,iron,red
260,1420,0,Iron,iron,red
268,1436,0,Iron,iron,red
268,1444,0,Iron,iron,red
276,1444,0,Iron,iron,red
276,1468,0,Iron,iron,red
284,1468,0,Iron,iron,red
292,1492,0,Iron,iron,red
300,1492,0,Iron,iron,red
308,1492,0,Iron,iron,red
308,1484,0,Iron,iron,red
316,1484,0,Iron,iron,red
316,1476,0,Iron,iron,red
324,1476,0,Iron,iron,red
340,1468,0,Iron,iron,red
348,1468,0,Iron,iron,red
356,1460,0,Iron,iron,red
348,1444,0,Iron,iron,red
356,1436,0,Iron,iron,red
364,1428,0,Iron,iron,red
364,1436,0,Iron,iron,red
372,1428,0,Iron,iron,red
380,1428,0,Iron,iron,red
388,1444,0,Iron,iron,red
364,1460,0,Iron,iron,red
372,1460,0,Iron,iron,red
372,1452,0,Iron,iron,red
380,1452,0,Iron,iron,red
388,1452,0,Iron,iron,red
396,1444,0,Iron,iron,red
404,1436,0,Iron,iron,red
412,1436,0,Iron,iron,red
420,1436,0,Iron,iron,red
428,1428,0,Iron,iron,red
420,1428,0,Iron,iron,red
436,1428,0,Iron,iron,red
436,1420,0,Iron,iron,red
444,1420,0,Iron,iron,red
452,1420,0,Iron,iron,red
444,1428,0,Iron,iron,red
428,1436,0,Iron,iron,red
412,1444,0,Iron,iron,red
404,1444,0,Iron,iron,red
396,1452,0,Iron,iron,red
380,1484,0,Iron,iron,red
380,1492,0,Iron,iron,red
372,1492,0,Iron,iron,red
364,1492,0,Iron,iron,red
356,1492,0,Iron,iron,red
348,1476,0,Iron,iron,red
340,1476,0,Iron,iron,red
332,1476,0,Iron,iron,red
324,1484,0,Iron,iron,red
332,1500,0,Iron,iron,red
340,1500,0,Iron,iron,red
348,1500,0,Iron,iron,red
356,1524,0,Iron,iron,red
356,1532,0,Iron,iron,red
364,1548,0,Iron,iron,red
372,1548,0,Iron,iron,red
380,1548,0,Iron,iron,red
388,1548,0,Iron,iron,red
404,1564,0,Iron,iron,red
412,1564,0,Iron,iron,red
420,1564,0,Iron,iron,red
436,1580,0,Iron,iron,red
444,1580,0,Iron,iron,red
452,1580,0,Iron,iron,red
460,1580,0,Iron,iron,red
508,1556,0,Iron,iron,red
532,1564,0,Iron,iron,red
2236,1244,0,Iron,iron,red
2244,1244,0,Iron,iron,red
2252,1244,0,Iron,iron,red
2268,1236,0,Iron,iron,red
2220,1220,0,Iron,iron,red
2204,1204,0,Iron,iron,red
2204,1196,0,Iron,iron,red
2204,1172,0,Iron,iron,red
2204,1164,0,Iron,iron,red
2212,1156,0,Iron,iron,red
2212,1132,0,Iron,iron,red
2220,1132,0,Iron,iron,red
2220,1124,0,Iron,iron,red
2212,1124,0,Iron,iron,red
2228,1124,0,Iron,iron,red
2292,1244,0,Iron,iron,red
2284,1252,0,Iron,iron,red
2284,1260,0,Iron,iron,red
2276,1260,0,Iron,iron,red
2268,1268,0,Iron,iron,red
2260,1268,0,Iron,iron,red
2252,1268,0,Iron,iron,red
2244,1268,0,Iron,iron,red
2220,1260,0,Iron,iron,red
2220,1252,0,Iron,iron,red
2212,1252,0,Iron,iron,red
2204,1260,0,Iron,iron,red
2212,1260,0,Iron,iron,red
2204,1268,0,Iron,iron,red
2196,1268,0,Iron,iron,red
2188,1276,0,Iron,iron,red
2188,1268,0,Iron,iron,red
1220,1980,0,Iron,iron,red
1220,1972,0,Iron,iron,red
2564,492,0,Iron,iron,red
2556,492,0,Iron,iron,red
2556,500,0,Iron,iron,red
2564,500,0,Iron,iron,red
2572,484,0,Iron,iron,red
2572,492,0,Iron,iron,red
2580,484,0,Iron,iron,red
2604,500,0,Iron,iron,red
2612,500,0,Iron,iron,red
2556,436,0,Iron,iron,red
2564,436,0,Iron,iron,red
2556,428,0,Iron,iron,red
2548,412,0,Iron,iron,red
2548,404,0,Iron,iron,red
2556,396,0,Iron,iron,red
2572,388,0,Iron,iron,red
2572,396,0,Iron,iron,red
2580,396,0,Iron,iron,red
2612,468,0,Iron,iron,red
2620,468,0,Iron,iron,red
2620,436,0,Iron,iron,red
2612,436,0,Iron,iron,red
2604,436,0,Iron,iron,red
2596,420,0,Iron,iron,red
2588,420,0,Iron,iron,red
2588,412,0,Iron,iron,red
2612,476,0,Iron,iron,red
2604,476,0,Iron,iron,red
1220,1948,0,Iron,iron,red
1212,1948,0,Iron,iron,red
1212,1940,0,Iron,iron,red
1204,1948,0,Iron,iron,red
3708,2508,0,Iron,iron,red
3676,2596,0,Iron,iron,red
3684,2596,0,Iron,iron,red
3692,2548,0,Iron,iron,red
3700,2516,0,Iron,iron,red
2580,492,0,Iron,iron,red
2596,484,0,Iron,iron,red
2604,468,0,Iron,iron,red
2596,452,0,Iron,iron,red
2588,452,0,Iron,iron,red
2588,476,0,Iron,iron,red
2596,476,0,Iron,iron,red
2588,484,0,Iron,iron,red
2588,508,0,Iron,iron,red
1212,2004,0,Iron,iron,red
1204,2012,0,Iron,iron,red
1196,2012,0,Iron,iron,red
1204,2020,0,Iron,iron,red
1196,2020,0,Iron,iron,red
1188,2020,0,Iron,iron,red
1188,2028,0,Iron,iron,red
1180,2020,0,Iron,iron,red
1180,2028,0,Iron,iron,red
1172,2028,0,Iron,iron,red
1164,2028,0,Iron,iron,red
1132,2020,0,Iron,iron,red
1124,2020,0,Iron,iron,red
1116,2020,0,Iron,iron,red
1100,2004,0,Iron,iron,red
1092,2004,0,Iron,iron,red
1092,1980,0,Iron,iron,red
1092,1972,0,Iron,iron,red
1100,1972,0,Iron,iron,red
1100,1964,0,Iron,iron,red
1108,1972,0,Iron,iron,red
1108,1964,0,Iron,iron,red
1116,1964,0,Iron,iron,red
1116,1956,0,Iron,iron,red
1108,1940,0,Iron,iron,red
1108,1932,0,Iron,iron,red
1100,1932,0,Iron,iron,red
1116,1924,0,Iron,iron,red
1108,1908,0,Iron,iron,red
1116,1900,0,Iron,iron,red
1124,1900,0,Iron,iron,red
1124,1892,0,Iron,iron,red
1132,1892,0,Iron,iron,red
1132,1884,0,Iron,iron,red
1140,1892,0,Iron,iron,red
1140,1884,0,Iron,iron,red
1148,1876,0,Iron,iron,red
1140,1860,0,Iron,iron,red
1140,1852,0,Iron,iron,red
1156,1876,0,Iron,iron,red
1164,1876,0,Iron,iron,red
1172,1876,0,Iron,iron,red
1180,1892,0,Iron,iron,red
1180,1900,0,Iron,iron,red
1188,1892,0,Iron,iron,red
1188,1900,0,Iron,iron,red
1188,1924,0,Iron,iron,red
1188,1932,0,Iron,iron,red
2516,836,0,Iron,iron,red
2508,836,0,Iron,iron,red
2556,836,0,Iron,iron,red
2564,836,0,Iron,iron,red
2508,828,0,Iron,iron,red
2572,836,0,Iron,iron,red
2580,836,0,Iron,iron,red
2588,836,0,Iron,iron,red
2612,852,0,Iron,iron,red
2612,844,0,Iron,iron,red
2452,836,0,Iron,iron,red
2444,836,0,Iron,iron,red
2436,844,0,Iron,iron,red
2436,836,0,Iron,iron,red
2428,836,0,Iron,iron,red
2412,820,0,Iron,iron,red
2404,820,0,Iron,iron,red
2396,820,0,Iron,iron,red
2388,820,0,Iron,iron,red
2364,812,0,Iron,iron,red
2364,804,0,Iron,iron,red
2324,796,0,Iron,iron,red
2332,796,0,Iron,iron,red
2316,796,0,Iron,iron,red
2316,804,0,Iron,iron,red
2308,828,0,Iron,iron,red
2316,828,0,Iron,iron,red
2316,836,0,Iron,iron,red
2324,852,0,Iron,iron,red
2324,860,0,Iron,iron,red
2332,860,0,Iron,iron,red
2340,844,0,Iron,iron,red
2348,844,0,Iron,iron,red
2356,836,0,Iron,iron,red
2356,812,0,Iron,iron,red
2348,812,0,Iron,iron,red
2340,812,0,Iron,iron,red
2340,820,0,Iron,iron,red
2356,844,0,Iron,iron,red
2364,844,0,Iron,iron,red
2372,860,0,Iron,iron,red
2324,828,0,Iron,iron,red
2332,828,0,Iron,iron,red
2380,868,0,Iron,iron,red
2380,860,0,Iron,iron,red
2372,868,0,Iron,iron,red
2364,876,0,Iron,iron,red
2356,876,0,Iron,iron,red
2348,884,0,Iron,iron,red
2348,876,0,Iron,iron,red
2332,884,0,Iron,iron,red
2340,884,0,Iron,iron,red
2332,892,0,Iron,iron,red
2332,924,0,Iron,iron,red
2332,916,0,Iron,iron,red
2340,940,0,Iron,iron,red
2348,940,0,Iron,iron,red
2356,940,0,Iron,iron,red
2364,940,0,Iron,iron,red
2364,932,0,Iron,iron,red
2372,932,0,Iron,iron,red
2372,924,0,Iron,iron,red
2388,916,0,Iron,iron,red
2388,924,0,Iron,iron,red
2380,900,0,Iron,iron,red
2372,900,0,Iron,iron,red
2396,916,0,Iron,iron,red
2404,916,0,Iron,iron,red
2404,908,0,Iron,iron,red
2380,932,0,Iron,iron,red
2380,924,0,Iron,iron,red
2396,924,0,Iron,iron,red
2412,916,0,Iron,iron,red
2436,924,0,Iron,iron,red
2444,932,0,Iron,iron,red
2444,924,0,Iron,iron,red
2468,924,0,Iron,iron,red
2460,924,0,Iron,iron,red
2468,916,0,Iron,iron,red
2476,908,0,Iron,iron,red
2468,892,0,Iron,iron,red
2460,892,0,Iron,iron,red
2452,900,0,Iron,iron,red
2476,916,0,Iron,iron,red
2476,940,0,Iron,iron,red
2492,932,0,Iron,iron,red
2516,924,0,Iron,iron,red
2508,924,0,Iron,iron,red
2532,924,0,Iron,iron,red
2524,924,0,Iron,iron,red
2556,940,0,Iron,iron,red
2548,940,0,Iron,iron,red
2564,940,0,Iron,iron,red
2572,932,0,Iron,iron,red
2580,932,0,Iron,iron,red
2580,924,0,Iron,iron,red
2588,916,0,Iron,iron,red
2596,916,0,Iron,iron,red
2612,908,0,Iron,iron,red
2604,884,0,Iron,iron,red
2604,892,0,Iron,iron,red
2596,884,0,Iron,iron,red
2588,892,0,Iron,iron,red
2580,900,0,Iron,iron,red
2580,892,0,Iron,iron,red
2572,892,0,Iron,iron,red
2580,868,0,Iron,iron,red
2588,868,0,Iron,iron,red
2588,860,0,Iron,iron,red
2580,860,0,Iron,iron,red
2572,860,0,Iron,iron,red
2620,852,0,Iron,iron,red
2596,852,0,Iron,iron,red
2596,860,0,Iron,iron,red
2612,876,0,Iron,iron,red
2612,884,0,Iron,iron,red
2620,908,0,Iron,iron,red
2628,908,0,Iron,iron,red
2628,900,0,Iron,iron,red
2620,884,0,Iron,iron,red
2620,876,0,Iron,iron,red
1716,3012,0,Iron,iron,red
1724,3028,0,Iron,iron,red
1724,3036,0,Iron,iron,red
1716,3044,0,Iron,iron,red
1708,3044,0,Iron,iron,red
1708,3036,0,Iron,iron,red
1692,3020,0,Iron,iron,red
1684,3020,0,Iron,iron,red
1676,3020,0,Iron,iron,red
1660,2940,0,Iron,iron,red
1660,3004,0,Iron,iron,red
1652,3004,0,Iron,iron,red
1644,2980,0,Iron,iron,red
1644,2972,0,Iron,iron,red
1644,2948,0,Iron,iron,red
1644,2940,0,Iron,iron,red
1644,2916,0,Iron,iron,red
1636,2916,0,Iron,iron,red
1644,2908,0,Iron,iron,red
1636,2892,0,Iron,iron,red
1644,2884,0,Iron,iron,red
1636,2884,0,Iron,iron,red
1652,2908,0,Iron,iron,red
1652,2916,0,Iron,iron,red
1660,2932,0,Iron,iron,red
1668,2932,0,Iron,iron,red
1668,2940,0,Iron,iron,red
1684,2956,0,Iron,iron,red
1684,2964,0,Iron,iron,red
1692,2980,0,Iron,iron,red
1700,2980,0,Iron,iron,red
1700,2988,0,Iron,iron,red
1692,2988,0,Iron,iron,red
1684,2996,0,Iron,iron,red
1676,2996,0,Iron,iron,red
1668,2996,0,Iron,iron,red
1660,2972,0,Iron,iron,red
1660,2964,0,Iron,iron,red
1716,3004,0,Iron,iron,red
1708,2980,0,Iron,iron,red
1708,2972,0,Iron,iron,red
1700,2956,0,Iron,iron,red
1700,2948,0,Iron,iron,red
1692,2948,0,Iron,iron,red
1684,2932,0,Iron,iron,red
1676,2932,0,Iron,iron,red
1676,2924,0,Iron,iron,red
1660,2908,0,Iron,iron,red
1132,1852,0,Iron,iron,red
1124,1836,0,Iron,iron,red
1116,1836,0,Iron,iron,red
1116,1828,0,Iron,iron,red
1108,1812,0,Iron,iron,red
1100,1812,0,Iron,iron,red
1100,1804,0,Iron,iron,red
1100,1780,0,Iron,iron,red
1108,1780,0,Iron,iron,red
1108,1772,0,Iron,iron,red
1116,1772,0,Iron,iron,red
1116,1764,0,Iron,iron,red
1132,1764,0,Iron,iron,red
1140,1764,0,Iron,iron,red
1140,1756,0,Iron,iron,red
1148,1764,0,Iron,iron,red
1172,1772,0,Iron,iron,red
1172,1780,0,Iron,iron,red
1180,1772,0,Iron,iron,red
1180,1780,0,Iron,iron,red
1196,1772,0,Iron,iron,red
1196,1764,0,Iron,iron,red
1204,1756,0,Iron,iron,red
1188,1740,0,Iron,iron,red
1180,1740,0,Iron,iron,red
1164,1724,0,Iron,iron,red
1156,1724,0,Iron,iron,red
1148,1724,0,Iron,iron,red
1140,1700,0,Iron,iron,red
1140,1692,0,Iron,iron,red
1132,1668,0,Iron,iron,red
1108,1652,0,Iron,iron,red
1100,1652,0,Iron,iron,red
1084,1636,0,Iron,iron,red
1092,1628,0,Iron,iron,red
1084,1628,0,Iron,iron,red
1092,1620,0,Iron,iron,red
1100,1596,0,Iron,iron,red
1100,1588,0,Iron,iron,red
1108,1588,0,Iron,iron,red
1116,1588,0,Iron,iron,red
1116,1580,0,Iron,iron,red
1124,1580,0,Iron,iron,red
1124,1572,0,Iron,iron,red
1124,1548,0,Iron,iron,red
1132,1548,0,Iron,iron,red
1132,1540,0,Iron,iron,red
1140,1532,0,Iron,iron,red
1148,1532,0,Iron,iron,red
1156,1524,0,Iron,iron,red
1172,1500,0,Iron,iron,red
1172,1492,0,Iron,iron,red
1180,1492,0,Iron,iron,red
1180,1484,0,Iron,iron,red
1180,1460,0,Iron,iron,red
1180,1452,0,Iron,iron,red
1188,1452,0,Iron,iron,red
1188,1428,0,Iron,iron,red
1180,1428,0,Iron,iron,red
1180,1420,0,Iron,iron,red
1172,1404,0,Iron,iron,red
1172,1396,0,Iron,iron,red
1164,1372,0,Iron,iron,red
1164,1364,0,Iron,iron,red
1164,1340,0,Iron,iron,red
1172,1340,0,Iron,iron,red
1588,3228,0,Iron,iron,red
1580,3228,0,Iron,iron,red
1572,3236,0,Iron,iron,red
1572,3228,0,Iron,iron,red
1564,3228,0,Iron,iron,red
1556,3212,0,Iron,iron,red
1556,3204,0,Iron,iron,red
1556,3180,0,Iron,iron,red
1572,3196,0,Iron,iron,red
1572,3204,0,Iron,iron,red
1580,3220,0,Iron,iron,red
1588,3220,0,Iron,iron,red
1588,3252,0,Iron,iron,red
1588,3260,0,Iron,iron,red
1588,3284,0,Iron,iron,red
1596,3276,0,Iron,iron,red
1596,3284,0,Iron,iron,red
1604,3308,0,Iron,iron,red
1612,3308,0,Iron,iron,red
1620,3308,0,Iron,iron,red
5260,4004,0,Iron,iron,red
5260,3996,0,Iron,iron,red
5252,4004,0,Iron,iron,red
1628,3324,0,Iron,iron,red
1636,3324,0,Iron,iron,red
1644,3324,0,Iron,iron,red
1652,3324,0,Iron,iron,red
1652,3316,0,Iron,iron,red
1644,3300,0,Iron,iron,red
1636,3300,0,Iron,iron,red
1636,3292,0,Iron,iron,red
1620,3276,0,Iron,iron,red
1612,3276,0,Iron,iron,red
1604,3252,0,Iron,iron,red
1596,3252,0,Iron,iron,red
5924,1388,0,Iron,iron,red
5924,1380,0,Iron,iron,red
5916,1380,0,Iron,iron,red
5892,1388,0,Iron,iron,red
5900,1388,0,Iron,iron,red
5892,1396,0,Iron,iron,red
5900,1396,0,Iron,iron,red
5908,1388,0,Iron,iron,red
5916,1388,0,Iron,iron,red
5932,1404,0,Iron,iron,red
5908,1412,0,Iron,iron,red
5916,1412,0,Iron,iron,red
5172,4012,0,Iron,iron,red
5188,4004,0,Iron,iron,red
5164,4012,0,Iron,iron,red
5156,4012,0,Iron,iron,red
5148,4020,0,Iron,iron,red
5148,4012,0,Iron,iron,red
5156,4020,0,Iron,iron,red
5140,3996,0,Iron,iron,red
5156,3988,0,Iron,iron,red
5156,4076,0,Iron,iron,red
5164,4076,0,Iron,iron,red
5172,4076,0,Iron,iron,red
5196,4084,0,Iron,iron,red
5204,4084,0,Iron,iron,red
5212,4076,0,Iron,iron,red
5212,4084,0,Iron,iron,red
5220,4084,0,Iron,iron,red
5252,4068,0,Iron,iron,red
5260,4068,0,Iron,iron,red
5268,4060,0,Iron,iron,red
5268,4052,0,Iron,iron,red
5276,4052,0,Iron,iron,red
5276,4060,0,Iron,iron,red
5284,4076,0,Iron,iron,red
5292,4076,0,Iron,iron,red
5292,4084,0,Iron,iron,red
5300,4076,0,Iron,iron,red
5300,4068,0,Iron,iron,red
5308,4076,0,Iron,iron,red
5308,4068,0,Iron,iron,red
5316,4068,0,Iron,iron,red
5316,4060,0,Iron,iron,red
5324,4060,0,Iron,iron,red
5332,4052,0,Iron,iron,red
5332,4060,0,Iron,iron,red
5316,4036,0,Iron,iron,red
5292,4052,0,Iron,iron,red
5292,4044,0,Iron,iron,red
5300,4044,0,Iron,iron,red
5308,4044,0,Iron,iron,red
5300,4036,0,Iron,iron,red
5308,4036,0,Iron,iron,red
5276,4020,0,Iron,iron,red
5276,4028,0,Iron,iron,red
5260,4036,0,Iron,iron,red
5268,4028,0,Iron,iron,red
5268,4020,0,Iron,iron,red
5276,3964,0,Iron,iron,red
5268,3964,0,Iron,iron,red
5260,3964,0,Iron,iron,red
5252,3964,0,Iron,iron,red
5260,3972,0,Iron,iron,red
5164,3972,0,Iron,iron,red
5172,3972,0,Iron,iron,red
5180,3972,0,Iron,iron,red
5180,3964,0,Iron,iron,red
5188,3972,0,Iron,iron,red
5188,3964,0,Iron,iron,red
5196,3964,0,Iron,iron,red
5196,3940,0,Iron,iron,red
5244,3940,0,Iron,iron,red
5244,3948,0,Iron,iron,red
5236,3948,0,Iron,iron,red
5228,3956,0,Iron,iron,red
5236,3940,0,Iron,iron,red
5228,3948,0,Iron,iron,red
5220,3948,0,Iron,iron,red
5220,3956,0,Iron,iron,red
5252,3932,0,Iron,iron,red
5252,3940,0,Iron,iron,red
5268,3956,0,Iron,iron,red
5276,3956,0,Iron,iron,red
5284,3956,0,Iron,iron,red
5292,3956,0,Iron,iron,red
5180,4004,0,Iron,iron,red
5324,3940,0,Iron,iron,red
5324,3932,0,Iron,iron,red
5300,3916,0,Iron,iron,red
5292,3924,0,Iron,iron,red
5292,3916,0,Iron,iron,red
5284,3916,0,Iron,iron,red
5284,3924,0,Iron,iron,red
5284,3948,0,Iron,iron,red
5292,3948,0,Iron,iron,red
5268,3924,0,Iron,iron,red
5276,3924,0,Iron,iron,red
5276,3932,0,Iron,iron,red
5204,3932,0,Iron,iron,red
5204,3924,0,Iron,iron,red
5196,3908,0,Iron,iron,red
5188,3908,0,Iron,iron,red
5188,3900,0,Iron,iron,red
5172,3908,0,Iron,iron,red
5172,3940,0,Iron,iron,red
5164,3940,0,Iron,iron,red
5140,3932,0,Iron,iron,red
5140,3924,0,Iron,iron,red
5148,3924,0,Iron,iron,red
5148,3916,0,Iron,iron,red
5164,3884,0,Iron,iron,red
5172,3884,0,Iron,iron,red
5180,3884,0,Iron,iron,red
5180,3876,0,Iron,iron,red
5188,3876,0,Iron,iron,red
5196,3876,0,Iron,iron,red
5204,3868,0,Iron,iron,red
5196,3868,0,Iron,iron,red
5188,3868,0,Iron,iron,red
5172,3876,0,Iron,iron,red
5148,3868,0,Iron,iron,red
5148,3860,0,Iron,iron,red
5140,3836,0,Iron,iron,red
5148,3836,0,Iron,iron,red
5148,3828,0,Iron,iron,red
5148,3804,0,Iron,iron,red
5188,3748,0,Iron,iron,red
5188,3772,0,Iron,iron,red
5180,3780,0,Iron,iron,red
5180,3788,0,Iron,iron,red
5188,3780,0,Iron,iron,red
5196,3772,0,Iron,iron,red
5196,3748,0,Iron,iron,red
5388,3964,0,Iron,iron,red
5388,3972,0,Iron,iron,red
5396,3972,0,Iron,iron,red
5396,3964,0,Iron,iron,red
5396,3996,0,Iron,iron,red
5380,4004,0,Iron,iron,red
5388,4004,0,Iron,iron,red
5396,4036,0,Iron,iron,red
5404,4052,0,Iron,iron,red
5396,4052,0,Iron,iron,red
5388,4036,0,Iron,iron,red
5388,4068,0,Iron,iron,red
5380,4068,0,Iron,iron,red
5372,4068,0,Iron,iron,red
6004,1380,0,Iron,iron,red
6004,1372,0,Iron,iron,red
5996,1372,0,Iron,iron,red
5996,1380,0,Iron,iron,red
5988,1380,0,Iron,iron,red
5988,1388,0,Iron,iron,red
5996,1404,0,Iron,iron,red
5964,1388,0,Iron,iron,red
5972,1388,0,Iron,iron,red
5964,1396,0,Iron,iron,red
5972,1396,0,Iron,iron,red
5980,1388,0,Iron,iron,red
5980,1380,0,Iron,iron,red
5980,1412,0,Iron,iron,red
5956,1372,0,Iron,iron,red
5948,1372,0,Iron,iron,red
5940,1372,0,Iron,iron,red
5932,1348,0,Iron,iron,red
5940,1348,0,Iron,iron,red
5924,1364,0,Iron,iron,red
5924,1356,0,Iron,iron,red
5924,1348,0,Iron,iron,red
5916,1348,0,Iron,iron,red
5916,1356,0,Iron,iron,red
5908,1364,0,Iron,iron,red
5908,1356,0,Iron,iron,red
5900,1356,0,Iron,iron,red
5908,1332,0,Iron,iron,red
5892,1340,0,Iron,iron,red
5892,1332,0,Iron,iron,red
5900,1332,0,Iron,iron,red
5900,1324,0,Iron,iron,red
5892,1308,0,Iron,iron,red
5892,1300,0,Iron,iron,red
5900,1300,0,Iron,iron,red
5900,1292,0,Iron,iron,red
2076,1188,0,Iron,iron,red
2076,1196,0,Iron,iron,red
2068,1196,0,Iron,iron,red
2068,1204,0,Iron,iron,red
2076,1220,0,Iron,iron,red
2076,1228,0,Iron,iron,red
2084,1220,0,Iron,iron,red
2084,1228,0,Iron,iron,red
2092,1220,0,Iron,iron,red
2100,1220,0,Iron,iron,red
2116,1236,0,Iron,iron,red
1828,1020,0,Iron,iron,red
1828,1028,0,Iron,iron,red
1820,1028,0,Iron,iron,red
1820,1060,0,Iron,iron,red
1820,1068,0,Iron,iron,red
1820,1092,0,Iron,iron,red
1820,1100,0,Iron,iron,red
1820,1124,0,Iron,iron,red
1820,1132,0,Iron,iron,red
1836,1148,0,Iron,iron,red
1836,1156,0,Iron,iron,red
1844,1172,0,Iron,iron,red
1844,1180,0,Iron,iron,red
1836,1180,0,Iron,iron,red
1836,1188,0,Iron,iron,red
1828,1212,0,Iron,iron,red
1812,1220,0,Iron,iron,red
1780,1212,0,Iron,iron,red
1772,1212,0,Iron,iron,red
1780,1204,0,Iron,iron,red
1772,1204,0,Iron,iron,red
1772,1180,0,Iron,iron,red
1772,1172,0,Iron,iron,red
1780,1172,0,Iron,iron,red
1780,1148,0,Iron,iron,red
1780,1140,0,Iron,iron,red
1780,1116,0,Iron,iron,red
1780,1108,0,Iron,iron,red
1780,1084,0,Iron,iron,red
1780,1076,0,Iron,iron,red
1780,1052,0,Iron,iron,red
1780,1044,0,Iron,iron,red
1780,1020,0,Iron,iron,red
1772,1020,0,Iron,iron,red
1764,996,0,Iron,iron,red
1756,996,0,Iron,iron,red
1756,972,0,Iron,iron,red
1764,964,0,Iron,iron,red
1756,964,0,Iron,iron,red
1748,940,0,Iron,iron,red
1756,940,0,Iron,iron,red
1748,932,0,Iron,iron,red
1748,908,0,Iron,iron,red
1756,908,0,Iron,iron,red
1748,900,0,Iron,iron,red
3668,2468,0,Iron,iron,red
3676,2468,0,Iron,iron,red
3620,2524,0,Iron,iron,red
3628,2524,0,Iron,iron,red
1644,1212,0,Iron,iron,red
1644,1204,0,Iron,iron,red
1652,1204,0,Iron,iron,red
1612,1228,0,Iron,iron,red
1596,1236,0,Iron,iron,red
1580,1244,0,Iron,iron,red
1572,1244,0,Iron,iron,red
1564,1244,0,Iron,iron,red
1556,1244,0,Iron,iron,red
1620,1188,0,Iron,iron,red
1628,1180,0,Iron,iron,red
1636,1180,0,Iron,iron,red
1644,1180,0,Iron,iron,red
1660,1196,0,Iron,iron,red
1660,1204,0,Iron,iron,red
1668,1204,0,Iron,iron,red
1492,1252,0,Iron,iron,red
1484,1252,0,Iron,iron,red
1476,1252,0,Iron,iron,red
1468,1252,0,Iron,iron,red
1460,1236,0,Iron,iron,red
1468,1228,0,Iron,iron,red
1460,1228,0,Iron,iron,red
1436,1236,0,Iron,iron,red
1444,1236,0,Iron,iron,red
1452,1236,0,Iron,iron,red
1452,1228,0,Iron,iron,red
1428,1252,0,Iron,iron,red
1420,1252,0,Iron,iron,red
1420,1244,0,Iron,iron,red
1388,1236,0,Iron,iron,red
1380,1236,0,Iron,iron,red
1372,1236,0,Iron,iron,red
1460,1508,0,Iron,iron,red
1452,1516,0,Iron,iron,red
1452,1524,0,Iron,iron,red
1444,1524,0,Iron,iron,red
1516,1524,0,Iron,iron,red
1516,1516,0,Iron,iron,red
1708,1204,0,Iron,iron,red
1756,1156,0,Iron,iron,red
1756,1148,0,Iron,iron,red
1764,1148,0,Iron,iron,red
1764,1124,0,Iron,iron,red
1756,1124,0,Iron,iron,red
1756,1100,0,Iron,iron,red
1756,1092,0,Iron,iron,red
1748,1068,0,Iron,iron,red
1740,1068,0,Iron,iron,red
1732,1068,0,Iron,iron,red
1732,1076,0,Iron,iron,red
1724,1076,0,Iron,iron,red
1716,1076,0,Iron,iron,red
1748,1060,0,Iron,iron,red
3748,2500,0,Iron,iron,red
3604,2628,0,Iron,iron,red
3564,2580,0,Iron,iron,red
3556,2580,0,Iron,iron,red
3564,2492,0,Iron,iron,red
3556,2492,0,Iron,iron,red
3556,2484,0,Iron,iron,red
3548,2500,0,Iron,iron,red
3548,2492,0,Iron,iron,red
3540,2500,0,Iron,iron,red
3516,2540,0,Iron,iron,red
3516,2548,0,Iron,iron,red
3700,2420,0,Iron,iron,red
3692,2420,0,Iron,iron,red
3676,2396,0,Iron,iron,red
3668,2412,0,Iron,iron,red
3652,2412,0,Iron,iron,red
3644,2412,0,Iron,iron,red
3636,2396,0,Iron,iron,red
3636,2388,0,Iron,iron,red
3588,2452,0,Iron,iron,red
3548,2460,0,Iron,iron,red
3548,2436,0,Iron,iron,red
3556,2428,0,Iron,iron,red
3540,2436,0,Iron,iron,red
3540,2396,0,Iron,iron,red
3532,2372,0,Iron,iron,red
3564,2396,0,Iron,iron,red
3572,2396,0,Iron,iron,red
3580,2420,0,Iron,iron,red
3588,2412,0,Iron,iron,red
3588,2420,0,Iron,iron,red
3724,2476,0,Iron,iron,red
3716,2476,0,Iron,iron,red
3660,2500,0,Iron,iron,red
1348,1228,0,Iron,iron,red
1284,1276,0,Iron,iron,red
1276,1260,0,Iron,iron,red
1276,1252,0,Iron,iron,red
1268,1252,0,Iron,iron,red
1260,1260,0,Iron,iron,red
1252,1260,0,Iron,iron,red
1252,1268,0,Iron,iron,red
1244,1268,0,Iron,iron,red
1244,1276,0,Iron,iron,red
1236,1276,0,Iron,iron,red
1228,1308,0,Iron,iron,red
1220,1308,0,Iron,iron,red
1220,1316,0,Iron,iron,red
1212,1316,0,Iron,iron,red
1204,1316,0,Iron,iron,red
1204,1324,0,Iron,iron,red
1196,1324,0,Iron,iron,red
1188,1324,0,Iron,iron,red
1188,1332,0,Iron,iron,red
1180,1332,0,Iron,iron,red
1172,1332,0,Iron,iron,red
1188,1324,0,Iron,iron,red
1188,1332,0,Iron,iron,red
1180,1332,0,Iron,iron,red
1580,884,0,Iron,iron,red
1580,892,0,Iron,iron,red
1572,916,0,Iron,iron,red
1572,924,0,Iron,iron,red
1580,924,0,Iron,iron,red
1580,948,0,Iron,iron,red
1588,956,0,Iron,iron,red
1588,972,0,Iron,iron,red
1596,980,0,Iron,iron,red
1596,972,0,Iron,iron,red
1604,1004,0,Iron,iron,red
1612,1004,0,Iron,iron,red
1612,996,0,Iron,iron,red
1620,996,0,Iron,iron,red
1628,988,0,Iron,iron,red
1636,964,0,Iron,iron,red
1628,964,0,Iron,iron,red
1652,980,0,Iron,iron,red
1644,980,0,Iron,iron,red
1636,988,0,Iron,iron,red
1628,996,0,Iron,iron,red
1620,1004,0,Iron,iron,red
1604,1012,0,Iron,iron,red
1612,1028,0,Iron,iron,red
1612,1036,0,Iron,iron,red
1628,1052,0,Iron,iron,red
1636,1052,0,Iron,iron,red
1636,1060,0,Iron,iron,red
1644,1068,0,Iron,iron,red
1660,1068,0,Iron,iron,red
1660,1076,0,Iron,iron,red
1668,1100,0,Iron,iron,red
1660,1100,0,Iron,iron,red
1660,1108,0,Iron,iron,red
1652,1108,0,Iron,iron,red
1652,1116,0,Iron,iron,red
1644,1116,0,Iron,iron,red
1636,1116,0,Iron,iron,red
1628,1116,0,Iron,iron,red
1612,1116,0,Iron,iron,red
1580,1116,0,Iron,iron,red
1572,1116,0,Iron,iron,red
1564,1116,0,Iron,iron,red
1556,1116,0,Iron,iron,red
1540,1124,0,Iron,iron,red
1548,1124,0,Iron,iron,red
1484,1156,0,Iron,iron,red
1476,1156,0,Iron,iron,red
1412,1164,0,Iron,iron,red
1412,1156,0,Iron,iron,red
1404,1156,0,Iron,iron,red
1396,1140,0,Iron,iron,red
1388,1140,0,Iron,iron,red
1380,1140,0,Iron,iron,red
1380,1148,0,Iron,iron,red
1356,1220,0,Iron,iron,red
1348,1220,0,Iron,iron,red
1356,1212,0,Iron,iron,red
1364,1220,0,Iron,iron,red
1364,1212,0,Iron,iron,red
1372,1212,0,Iron,iron,red
1372,1204,0,Iron,iron,red
1372,1148,0,Iron,iron,red
1364,1156,0,Iron,iron,red
1372,1172,0,Iron,iron,red
1372,1180,0,Iron,iron,red
1364,1180,0,Iron,iron,red
1364,1188,0,Iron,iron,red
1356,1188,0,Iron,iron,red
1356,1180,0,Iron,iron,red
1372,1236,0,Iron,iron,red
1380,1236,0,Iron,iron,red
1388,1236,0,Iron,iron,red
1420,1244,0,Iron,iron,red
1420,1252,0,Iron,iron,red
1428,1252,0,Iron,iron,red
1452,1236,0,Iron,iron,red
1460,1236,0,Iron,iron,red
1460,1228,0,Iron,iron,red
1452,1228,0,Iron,iron,red
1436,1236,0,Iron,iron,red
1444,1236,0,Iron,iron,red
1468,1252,0,Iron,iron,red
1476,1252,0,Iron,iron,red
1484,1252,0,Iron,iron,red
1492,1252,0,Iron,iron,red
1556,1244,0,Iron,iron,red
1564,1244,0,Iron,iron,red
1572,1244,0,Iron,iron,red
1580,1244,0,Iron,iron,red
1580,1236,0,Iron,iron,red
1588,1236,0,Iron,iron,red
1596,1236,0,Iron,iron,red
1612,1228,0,Iron,iron,red
1604,1228,0,Iron,iron,red
1636,1212,0,Iron,iron,red
1644,1212,0,Iron,iron,red
1644,1204,0,Iron,iron,red
1652,1204,0,Iron,iron,red
1612,1196,0,Iron,iron,red
1620,1188,0,Iron,iron,red
1612,1188,0,Iron,iron,red
1628,1180,0,Iron,iron,red
1636,1180,0,Iron,iron,red
1644,1180,0,Iron,iron,red
1660,1196,0,Iron,iron,red
1660,1204,0,Iron,iron,red
1668,1204,0,Iron,iron,red
2028,868,0,Iron,iron,red
2020,868,0,Iron,iron,red
2020,876,0,Iron,iron,red
2012,884,0,Iron,iron,red
2004,884,0,Iron,iron,red
1988,916,0,Iron,iron,red
1972,924,0,Iron,iron,red
1964,924,0,Iron,iron,red
1964,932,0,Iron,iron,red
1956,932,0,Iron,iron,red
1956,940,0,Iron,iron,red
1948,940,0,Iron,iron,red
1940,948,0,Iron,iron,red
1924,956,0,Iron,iron,red
1908,964,0,Iron,iron,red
1900,964,0,Iron,iron,red
1892,964,0,Iron,iron,red
1884,964,0,Iron,iron,red
1868,972,0,Iron,iron,red
1820,972,0,Iron,iron,red
1820,964,0,Iron,iron,red
1812,964,0,Iron,iron,red
1820,940,0,Iron,iron,red
1828,940,0,Iron,iron,red
1828,932,0,Iron,iron,red
1836,932,0,Iron,iron,red
1844,932,0,Iron,iron,red
1860,924,0,Iron,iron,red
1852,924,0,Iron,iron,red
1852,916,0,Iron,iron,red
1844,900,0,Iron,iron,red
1724,1020,0,Iron,iron,red
1716,1012,0,Iron,iron,red
1716,988,0,Iron,iron,red
1708,988,0,Iron,iron,red
1716,980,0,Iron,iron,red
1716,972,0,Iron,iron,red
1724,956,0,Iron,iron,red
1716,924,0,Iron,iron,red
1708,924,0,Iron,iron,red
1684,900,0,Iron,iron,red
1692,900,0,Iron,iron,red
1692,908,0,Iron,iron,red
1700,892,0,Iron,iron,red
1692,876,0,Iron,iron,red
1684,868,0,Iron,iron,red
1660,852,0,Iron,iron,red
1724,948,0,Iron,iron,red
1732,1044,0,Iron,iron,red
1740,1044,0,Iron,iron,red
1820,1036,0,Iron,iron,red
1812,1028,0,Iron,iron,red
1796,1036,0,Iron,iron,red
1804,1036,0,Iron,iron,red
1812,1036,0,Iron,iron,red
1804,1044,0,Iron,iron,red
1796,1044,0,Iron,iron,red
1796,1068,0,Iron,iron,red
1804,1068,0,Iron,iron,red
1812,1060,0,Iron,iron,red
1844,1012,0,Iron,iron,red
1852,1012,0,Iron,iron,red
1868,1004,0,Iron,iron,red
1884,996,0,Iron,iron,red
1892,996,0,Iron,iron,red
1900,996,0,Iron,iron,red
1908,988,0,Iron,iron,red
1908,996,0,Iron,iron,red
1916,988,0,Iron,iron,red
1924,988,0,Iron,iron,red
1932,980,0,Iron,iron,red
1940,980,0,Iron,iron,red
1940,972,0,Iron,iron,red
1948,972,0,Iron,iron,red
1956,972,0,Iron,iron,red
1956,964,0,Iron,iron,red
1964,964,0,Iron,iron,red
1964,956,0,Iron,iron,red
1972,956,0,Iron,iron,red
1980,932,0,Iron,iron,red
1988,924,0,Iron,iron,red
1996,924,0,Iron,iron,red
1996,916,0,Iron,iron,red
2012,916,0,Iron,iron,red
2004,916,0,Iron,iron,red
2012,908,0,Iron,iron,red
2020,908,0,Iron,iron,red
2020,900,0,Iron,iron,red
2044,860,0,Iron,iron,red
2044,868,0,Iron,iron,red
2036,868,0,Iron,iron,red
2036,892,0,Iron,iron,red
2028,900,0,Iron,iron,red
1836,900,0,Iron,iron,red
1828,908,0,Iron,iron,red
1820,908,0,Iron,iron,red
1812,908,0,Iron,iron,red
1820,900,0,Iron,iron,red
1820,876,0,Iron,iron,red
1820,868,0,Iron,iron,red
1812,852,0,Iron,iron,red
1804,852,0,Iron,iron,red
1796,860,0,Iron,iron,red
1796,852,0,Iron,iron,red
1804,845,0,Iron,iron,red
1812,844,0,Iron,iron,red
1820,836,0,Iron,iron,red
1844,804,0,Iron,iron,red
1836,804,0,Iron,iron,red
1828,812,0,Iron,iron,red
1820,812,0,Iron,iron,red
1812,812,0,Iron,iron,red
1804,812,0,Iron,iron,red
1796,796,0,Iron,iron,red
1796,788,0,Iron,iron,red
1772,796,0,Iron,iron,red
1772,804,0,Iron,iron,red
1772,828,0,Iron,iron,red
1764,836,0,Iron,iron,red
1756,844,0,Iron,iron,red
1756,868,0,Iron,iron,red
1748,876,0,Iron,iron,red
1628,844,0,Iron,iron,red
1620,844,0,Iron,iron,red
1612,852,0,Iron,iron,red
1604,852,0,Iron,iron,red
1708,1076,0,Iron,iron,red
1732,1036,0,Iron,iron,red
1388,1132,0,Iron,iron,red
1380,1116,0,Iron,iron,red
1372,1116,0,Iron,iron,red
1380,1108,0,Iron,iron,red
1372,1108,0,Iron,iron,red
1364,1116,0,Iron,iron,red
1348,1100,0,Iron,iron,red
1356,1092,0,Iron,iron,red
1348,1092,0,Iron,iron,red
1363,1092,0,Iron,iron,red
1356,1084,0,Iron,iron,red
1364,1084,0,Iron,iron,red
1372,1076,0,Iron,iron,red
1364,1060,0,Iron,iron,red
1356,1060,0,Iron,iron,red
1356,1052,0,Iron,iron,red
1300,1060,0,Iron,iron,red
1316,1052,0,Iron,iron,red
1308,1052,0,Iron,iron,red
1316,1044,0,Iron,iron,red
1332,1044,0,Iron,iron,red
1324,1044,0,Iron,iron,red
1292,1084,0,Iron,iron,red
1300,1084,0,Iron,iron,red
1300,1092,0,Iron,iron,red
1324,1100,0,Iron,iron,red
1332,1100,0,Iron,iron,red
1340,1092,0,Iron,iron,red
1388,1108,0,Iron,iron,red
1388,1100,0,Iron,iron,red
1396,1100,0,Iron,iron,red
1404,1092,0,Iron,iron,red
1428,1084,0,Iron,iron,red
1444,1076,0,Iron,iron,red
1452,1076,0,Iron,iron,red
1460,1068,0,Iron,iron,red
1468,1044,0,Iron,iron,red
1476,1036,0,Iron,iron,red
1476,1028,0,Iron,iron,red
1468,1004,0,Iron,iron,red
1452,988,0,Iron,iron,red
1356,900,0,Iron,iron,red
1364,900,0,Iron,iron,red
1372,892,0,Iron,iron,red
1380,884,0,Iron,iron,red
1380,892,0,Iron,iron,red
1388,860,0,Iron,iron,red
1396,852,0,Iron,iron,red
1404,852,0,Iron,iron,red
1404,844,0,Iron,iron,red
1412,844,0,Iron,iron,red
1420,844,0,Iron,iron,red
1428,860,0,Iron,iron,red
1428,868,0,Iron,iron,red
1420,868,0,Iron,iron,red
1420,876,0,Iron,iron,red
1428,892,0,Iron,iron,red
1372,900,0,Iron,iron,red
1388,884,0,Iron,iron,red
1396,876,0,Iron,iron,red
1396,884,0,Iron,iron,red
1404,876,0,Iron,iron,red
1404,884,0,Iron,iron,red
1412,876,0,Iron,iron,red
1412,868,0,Iron,iron,red
1388,892,0,Iron,iron,red
1388,916,0,Iron,iron,red
1380,916,0,Iron,iron,red
1396,916,0,Iron,iron,red
1420,972,0,Iron,iron,red
1428,964,0,Iron,iron,red
1436,964,0,Iron,iron,red
1444,956,0,Iron,iron,red
1452,956,0,Iron,iron,red
1452,948,0,Iron,iron,red
1444,948,0,Iron,iron,red
1444,924,0,Iron,iron,red
1452,924,0,Iron,iron,red
1436,932,0,Iron,iron,red
1436,924,0,Iron,iron,red
1428,924,0,Iron,iron,red
1428,932,0,Iron,iron,red
1436,956,0,Iron,iron,red
1404,948,0,Iron,iron,red
1404,940,0,Iron,iron,red
1396,908,0,Iron,iron,red
1404,908,0,Iron,iron,red
1412,908,0,Iron,iron,red
1420,932,0,Iron,iron,red
1412,940,0,Iron,iron,red
1412,932,0,Iron,iron,red
1420,940,0,Iron,iron,red
1396,940,0,Iron,iron,red
1388,924,0,Iron,iron,red
1380,924,0,Iron,iron,red
1380,948,0,Iron,iron,red
1388,948,0,Iron,iron,red
1380,956,0,Iron,iron,red
1412,972,0,Iron,iron,red
1412,964,0,Iron,iron,red
1404,972,0,Iron,iron,red
1396,948,0,Iron,iron,red
1388,956,0,Iron,iron,red
1404,916,0,Iron,iron,red
1420,900,0,Iron,iron,red
1428,900,0,Iron,iron,red
1436,900,0,Iron,iron,red
1436,892,0,Iron,iron,red
1444,892,0,Iron,iron,red
1452,892,0,Iron,iron,red
1452,916,0,Iron,iron,red
1444,916,0,Iron,iron,red
1356,908,0,Iron,iron,red
1348,932,0,Iron,iron,red
1348,940,0,Iron,iron,red
1348,964,0,Iron,iron,red
1348,972,0,Iron,iron,red
1356,988,0,Iron,iron,red
1364,996,0,Iron,iron,red
1372,996,0,Iron,iron,red
1380,988,0,Iron,iron,red
1372,988,0,Iron,iron,red
1428,988,0,Iron,iron,red
1436,988,0,Iron,iron,red
1436,996,0,Iron,iron,red
1444,988,0,Iron,iron,red
1444,980,0,Iron,iron,red
1452,980,0,Iron,iron,red
1460,980,0,Iron,iron,red
1428,996,0,Iron,iron,red
1420,1004,0,Iron,iron,red
1420,996,0,Iron,iron,red
1412,1004,0,Iron,iron,red
1412,996,0,Iron,iron,red
1404,980,0,Iron,iron,red
1396,972,0,Iron,iron,red
1396,980,0,Iron,iron,red
1388,980,0,Iron,iron,red
1364,988,0,Iron,iron,red
1396,1004,0,Iron,iron,red
1388,988,0,Iron,iron,red
1420,964,0,Iron,iron,red
1380,980,0,Iron,iron,red
1372,964,0,Iron,iron,red
1364,964,0,Iron,iron,red
1356,972,0,Iron,iron,red
1356,964,0,Iron,iron,red
1356,940,0,Iron,iron,red
1372,956,0,Iron,iron,red
1364,956,0,Iron,iron,red
1356,932,0,Iron,iron,red
1364,924,0,Iron,iron,red
1372,924,0,Iron,iron,red
1364,932,0,Iron,iron,red
1372,932,0,Iron,iron,red
1468,972,0,Iron,iron,red
1476,940,0,Iron,iron,red
1476,932,0,Iron,iron,red
1484,908,0,Iron,iron,red
1484,900,0,Iron,iron,red
1476,884,0,Iron,iron,red
1468,884,0,Iron,iron,red
1468,876,0,Iron,iron,red
1452,860,0,Iron,iron,red
1444,860,0,Iron,iron,red
1444,852,0,Iron,iron,red
1452,852,0,Iron,iron,red
1460,828,0,Iron,iron,red
1460,820,0,Iron,iron,red
1444,804,0,Iron,iron,red
1436,804,0,Iron,iron,red
1428,804,0,Iron,iron,red
1420,804,0,Iron,iron,red
1420,812,0,Iron,iron,red
1412,812,0,Iron,iron,red
1404,812,0,Iron,iron,red
1404,820,0,Iron,iron,red
1388,828,0,Iron,iron,red
1364,860,0,Iron,iron,red
1348,868,0,Iron,iron,red
1348,876,0,Iron,iron,red
1340,884,0,Iron,iron,red
1340,908,0,Iron,iron,red
1340,916,0,Iron,iron,red
1340,940,0,Iron,iron,red
1332,948,0,Iron,iron,red
1332,972,0,Iron,iron,red
1332,980,0,Iron,iron,red
1324,980,0,Iron,iron,red
1300,996,0,Iron,iron,red
1300,988,0,Iron,iron,red
1308,980,0,Iron,iron,red
1316,956,0,Iron,iron,red
1316,948,0,Iron,iron,red
1308,948,0,Iron,iron,red
1308,924,0,Iron,iron,red
1300,924,0,Iron,iron,red
1300,900,0,Iron,iron,red
1300,892,0,Iron,iron,red
1292,892,0,Iron,iron,red
1275,900,0,Iron,iron,red
1260,908,0,Iron,iron,red
1260,916,0,Iron,iron,red
1252,916,0,Iron,iron,red
1252,924,0,Iron,iron,red
1244,948,0,Iron,iron,red
1244,956,0,Iron,iron,red
1236,956,0,Iron,iron,red
1236,964,0,Iron,iron,red
1228,988,0,Iron,iron,red
1228,996,0,Iron,iron,red
1220,996,0,Iron,iron,red
1220,1004,0,Iron,iron,red
1220,1028,0,Iron,iron,red
1212,1028,0,Iron,iron,red
1212,1036,0,Iron,iron,red
1204,1060,0,Iron,iron,red
1204,1068,0,Iron,iron,red
1196,1076,0,Iron,iron,red
1196,1100,0,Iron,iron,red
1188,1100,0,Iron,iron,red
1188,1108,0,Iron,iron,red
1180,1116,0,Iron,iron,red
1172,1140,0,Iron,iron,red
1180,1140,0,Iron,iron,red
1164,1148,0,Iron,iron,red
1172,1148,0,Iron,iron,red
1156,1148,0,Iron,iron,red
1156,1156,0,Iron,iron,red
1148,1156,0,Iron,iron,red
1140,1156,0,Iron,iron,red
1132,1164,0,Iron,iron,red
1140,1164,0,Iron,iron,red
1124,1164,0,Iron,iron,red
1124,1172,0,Iron,iron,red
1116,1172,0,Iron,iron,red
1108,1180,0,Iron,iron,red
1100,1204,0,Iron,iron,red
1108,1204,0,Iron,iron,red
1100,1212,0,Iron,iron,red
1092,1220,0,Iron,iron,red
1084,1244,0,Iron,iron,red
1068,1252,0,Iron,iron,red
1076,1252,0,Iron,iron,red
1068,1260,0,Iron,iron,red
1060,1268,0,Iron,iron,red
1060,1292,0,Iron,iron,red
1060,1300,0,Iron,iron,red
1060,1324,0,Iron,iron,red
1068,1348,0,Iron,iron,red
1076,1348,0,Iron,iron,red
1084,1372,0,Iron,iron,red
1084,1380,0,Iron,iron,red
1092,1396,0,Iron,iron,red
1092,1404,0,Iron,iron,red
1084,1412,0,Iron,iron,red
1084,1436,0,Iron,iron,red
1076,1436,0,Iron,iron,red
1076,1444,0,Iron,iron,red
1068,1452,0,Iron,iron,red
1068,1476,0,Iron,iron,red
1060,1476,0,Iron,iron,red
1060,1484,0,Iron,iron,red
1052,1484,0,Iron,iron,red
1036,1468,0,Iron,iron,red
1028,1468,0,Iron,iron,red
1028,1460,0,Iron,iron,red
1020,1444,0,Iron,iron,red
1012,1444,0,Iron,iron,red
1012,1436,0,Iron,iron,red
1004,1420,0,Iron,iron,red
1004,1412,0,Iron,iron,red
996,1412,0,Iron,iron,red
988,1396,0,Iron,iron,red
988,1388,0,Iron,iron,red
980,1364,0,Iron,iron,red
972,1364,0,Iron,iron,red
972,1356,0,Iron,iron,red
980,1356,0,Iron,iron,red
964,1340,0,Iron,iron,red
956,1340,0,Iron,iron,red
2372,76,0,Iron,iron,red
2372,84,0,Iron,iron,red
2364,108,0,Iron,iron,red
2364,116,0,Iron,iron,red
2356,148,0,Iron,iron,red
2364,148,0,Iron,iron,red
2364,140,0,Iron,iron,red
2380,172,0,Iron,iron,red
2372,172,0,Iron,iron,red
2380,196,0,Iron,iron,red
2388,196,0,Iron,iron,red
2396,220,0,Iron,iron,red
2396,196,0,Iron,iron,red
2404,196,0,Iron,iron,red
2412,220,0,Iron,iron,red
2412,212,0,Iron,iron,red
2420,188,0,Iron,iron,red
2428,180,0,Iron,iron,red
2428,172,0,Iron,iron,red
2444,140,0,Iron,iron,red
2444,132,0,Iron,iron,red
2452,132,0,Iron,iron,red
2444,108,0,Iron,iron,red
2452,108,0,Iron,iron,red
2444,100,0,Iron,iron,red
2420,180,0,Iron,iron,red
2412,180,0,Iron,iron,red
2412,188,0,Iron,iron,red
2428,84,0,Iron,iron,red
2420,84,0,Iron,iron,red
2420,92,0,Iron,iron,red
2428,108,0,Iron,iron,red
2452,76,0,Iron,iron,red
2468,68,0,Iron,iron,red
2460,68,0,Iron,iron,red
2476,60,0,Iron,iron,red
2468,60,0,Iron,iron,red
2484,52,0,Iron,iron,red
2492,52,0,Iron,iron,red
2452,44,0,Iron,iron,red
2460,60,0,Iron,iron,red
2516,68,0,Iron,iron,red
2524,68,0,Iron,iron,red
2532,60,0,Iron,iron,red
2540,60,0,Iron,iron,red
2548,60,0,Iron,iron,red
2556,60,0,Iron,iron,red
2564,52,0,Iron,iron,red
2556,52,0,Iron,iron,red
2580,68,0,Iron,iron,red
2588,68,0,Iron,iron,red
2596,68,0,Iron,iron,red
2596,60,0,Iron,iron,red
2604,60,0,Iron,iron,red
2612,60,0,Iron,iron,red
2620,52,0,Iron,iron,red
2637,44,0,Iron,iron,red
2644,44,0,Iron,iron,red
2644,52,0,Iron,iron,red
2620,60,0,Iron,iron,red
2628,76,0,Iron,iron,red
2636,76,0,Iron,iron,red
2636,84,0,Iron,iron,red
2668,92,0,Iron,iron,red
2676,92,0,Iron,iron,red
2684,92,0,Iron,iron,red
2692,92,0,Iron,iron,red
2700,108,0,Iron,iron,red
2700,116,0,Iron,iron,red
2708,116,0,Iron,iron,red
2436,84,0,Iron,iron,red
2684,252,0,Iron,iron,red
2676,252,0,Iron,iron,red
2668,252,0,Iron,iron,red
2660,252,0,Iron,iron,red
2652,236,0,Iron,iron,red
2652,228,0,Iron,iron,red
2652,204,0,Iron,iron,red
2652,196,0,Iron,iron,red
2708,148,0,Iron,iron,red
2716,140,0,Iron,iron,red
4292,3724,0,Iron,iron,red
4284,3724,0,Iron,iron,red
4276,3708,0,Iron,iron,red
4276,3700,0,Iron,iron,red
4276,3676,0,Iron,iron,red
4300,3684,0,Iron,iron,red
4308,3692,0,Iron,iron,red
4300,3692,0,Iron,iron,red
4332,3708,0,Iron,iron,red
4324,3708,0,Iron,iron,red
4300,3724,0,Iron,iron,red
4308,3724,0,Iron,iron,red
4292,3732,0,Iron,iron,red
4284,3732,0,Iron,iron,red
4276,3740,0,Iron,iron,red
4268,3740,0,Iron,iron,red
4260,3732,0,Iron,iron,red
4260,3740,0,Iron,iron,red
4244,3740,0,Iron,iron,red
4228,3748,0,Iron,iron,red
4228,3740,0,Iron,iron,red
4228,3756,0,Iron,iron,red
4260,3764,0,Iron,iron,red
4268,3764,0,Iron,iron,red
4276,3764,0,Iron,iron,red
4284,3764,0,Iron,iron,red
4300,3780,0,Iron,iron,red
4308,3780,0,Iron,iron,red
4316,3772,0,Iron,iron,red
4324,3772,0,Iron,iron,red
4324,3748,0,Iron,iron,red
4316,3748,0,Iron,iron,red
4316,3740,0,Iron,iron,red
4588,3276,0,Iron,iron,red
4596,3292,0,Iron,iron,red
4588,3300,0,Iron,iron,red
4596,3300,0,Iron,iron,red
4588,3308,0,Iron,iron,red
4580,3300,0,Iron,iron,red
4604,3292,0,Iron,iron,red
4604,3300,0,Iron,iron,red
4596,3268,0,Iron,iron,red
4588,3268,0,Iron,iron,red
4580,3244,0,Iron,iron,red
4572,3244,0,Iron,iron,red
4564,3220,0,Iron,iron,red
4564,3212,0,Iron,iron,red
4556,3220,0,Iron,iron,red
4556,3196,0,Iron,iron,red
4564,3188,0,Iron,iron,red
4556,3188,0,Iron,iron,red
4556,3164,0,Iron,iron,red
4564,3156,0,Iron,iron,red
4564,3148,0,Iron,iron,red
4572,3148,0,Iron,iron,red
4572,3124,0,Iron,iron,red
4572,3116,0,Iron,iron,red
4556,3100,0,Iron,iron,red
4548,3100,0,Iron,iron,red
4540,3108,0,Iron,iron,red
4524,3140,0,Iron,iron,red
4516,3148,0,Iron,iron,red
4524,3148,0,Iron,iron,red
4508,3148,0,Iron,iron,red
4500,3148,0,Iron,iron,red
4500,3156,0,Iron,iron,red
4500,3180,0,Iron,iron,red
4500,3188,0,Iron,iron,red
4508,3188,0,Iron,iron,red
4516,3204,0,Iron,iron,red
4524,3204,0,Iron,iron,red
4524,3212,0,Iron,iron,red
4572,3284,0,Iron,iron,red
4572,3276,0,Iron,iron,red
4556,3260,0,Iron,iron,red
4548,3260,0,Iron,iron,red
4548,3252,0,Iron,iron,red
4532,3228,0,Iron,iron,red
4532,3236,0,Iron,iron,red
4700,3564,0,Iron,iron,red
4700,3572,0,Iron,iron,red
4716,3564,0,Iron,iron,red
4708,3556,0,Iron,iron,red
4716,3556,0,Iron,iron,red
4708,3564,0,Iron,iron,red
4812,3644,0,Iron,iron,red
4804,3644,0,Iron,iron,red
4804,3636,0,Iron,iron,red
4812,3612,0,Iron,iron,red
4820,3668,0,Iron,iron,red
4812,3700,0,Iron,iron,red
4812,3708,0,Iron,iron,red
4804,3708,0,Iron,iron,red
4796,3716,0,Iron,iron,red
4780,3724,0,Iron,iron,red
4764,3756,0,Iron,iron,red
4764,3780,0,Iron,iron,red
4764,3788,0,Iron,iron,red
4724,3812,0,Iron,iron,red
4716,3812,0,Iron,iron,red
4708,3812,0,Iron,iron,red
4700,3812,0,Iron,iron,red
4700,3820,0,Iron,iron,red
4692,3820,0,Iron,iron,red
4684,3820,0,Iron,iron,red
4820,3692,0,Iron,iron,red
4820,3660,0,Iron,iron,red
4756,3764,0,Iron,iron,red
4620,3828,0,Iron,iron,red
4612,3828,0,Iron,iron,red
4612,3820,0,Iron,iron,red
4596,3828,0,Iron,iron,red
4572,3820,0,Iron,iron,red
4564,3820,0,Iron,iron,red
4572,3812,0,Iron,iron,red
4564,3812,0,Iron,iron,red
4556,3796,0,Iron,iron,red
4556,3788,0,Iron,iron,red
4564,3788,0,Iron,iron,red
4564,3780,0,Iron,iron,red
4812,3636,0,Iron,iron,red
4828,3604,0,Iron,iron,red
4820,3604,0,Iron,iron,red
4828,3596,0,Iron,iron,red
4820,3596,0,Iron,iron,red
4812,3580,0,Iron,iron,red
4820,3572,0,Iron,iron,red
4812,3572,0,Iron,iron,red
4804,3572,0,Iron,iron,red
4796,3556,0,Iron,iron,red
4788,3556,0,Iron,iron,red
4780,3556,0,Iron,iron,red
4764,3540,0,Iron,iron,red
4756,3540,0,Iron,iron,red
4748,3540,0,Iron,iron,red
4740,3548,0,Iron,iron,red
4748,3572,0,Iron,iron,red
4748,3580,0,Iron,iron,red
4740,3604,0,Iron,iron,red
4740,3612,0,Iron,iron,red
4748,3636,0,Iron,iron,red
4748,3644,0,Iron,iron,red
4756,3660,0,Iron,iron,red
4756,3668,0,Iron,iron,red
4740,3700,0,Iron,iron,red
4732,3708,0,Iron,iron,red
4724,3708,0,Iron,iron,red
4724,3716,0,Iron,iron,red
4716,3740,0,Iron,iron,red
4708,3748,0,Iron,iron,red
4700,3748,0,Iron,iron,red
4684,3756,0,Iron,iron,red
4628,3764,0,Iron,iron,red
4620,3764,0,Iron,iron,red
4612,3772,0,Iron,iron,red
4612,3764,0,Iron,iron,red
4604,3772,0,Iron,iron,red
4604,3764,0,Iron,iron,red
4596,3764,0,Iron,iron,red
4556,3884,0,Iron,iron,red
4556,3892,0,Iron,iron,red
4572,3884,0,Iron,iron,red
4564,3884,0,Iron,iron,red
4580,3876,0,Iron,iron,red
4580,3868,0,Iron,iron,red
4492,3732,0,Iron,iron,red
4492,3724,0,Iron,iron,red
4484,3724,0,Iron,iron,red
4476,3732,0,Iron,iron,red
4468,3732,0,Iron,iron,red
4476,3740,0,Iron,iron,red
4420,3732,0,Iron,iron,red
4484,3732,0,Iron,iron,red
4652,3684,0,Iron,iron,red
4660,3684,0,Iron,iron,red
4668,3676,0,Iron,iron,red
4660,3676,0,Iron,iron,red
4652,3676,0,Iron,iron,red
4628,3668,0,Iron,iron,red
4620,3668,0,Iron,iron,red
4628,3660,0,Iron,iron,red
4620,3660,0,Iron,iron,red
4644,3628,0,Iron,iron,red
4668,3636,0,Iron,iron,red
4668,3644,0,Iron,iron,red
4676,3668,0,Iron,iron,red
4669,3668,0,Iron,iron,red
4660,3644,0,Iron,iron,red
4596,3612,0,Iron,iron,red
4596,3620,0,Iron,iron,red
4612,3612,0,Iron,iron,red
4604,3604,0,Iron,iron,red
4604,3612,0,Iron,iron,red
4588,3620,0,Iron,iron,red
4580,3620,0,Iron,iron,red
4588,3612,0,Iron,iron,red
4628,3572,0,Iron,iron,red
4628,3564,0,Iron,iron,red
4620,3572,0,Iron,iron,red
4620,3564,0,Iron,iron,red
4612,3548,0,Iron,iron,red
4636,3564,0,Iron,iron,red
4564,3572,0,Iron,iron,red
4564,3564,0,Iron,iron,red
4572,3556,0,Iron,iron,red
4572,3564,0,Iron,iron,red
2404,220,0,Iron,iron,red
844,2396,0,Iron,iron,red
948,1316,0,Iron,iron,red
940,1316,0,Iron,iron,red
924,1300,0,Iron,iron,red
916,1292,0,Iron,iron,red
916,1300,0,Iron,iron,red
892,1284,0,Iron,iron,red
884,1284,0,Iron,iron,red
876,1284,0,Iron,iron,red
868,1284,0,Iron,iron,red
860,1284,0,Iron,iron,red
852,1292,0,Iron,iron,red
844,1292,0,Iron,iron,red
836,1300,0,Iron,iron,red
836,1308,0,Iron,iron,red
828,1308,0,Iron,iron,red
828,1332,0,Iron,iron,red
836,1332,0,Iron,iron,red
836,1340,0,Iron,iron,red
844,1348,0,Iron,iron,red
844,1356,0,Iron,iron,red
844,1364,0,Iron,iron,red
852,1364,0,Iron,iron,red
860,1380,0,Iron,iron,red
860,1388,0,Iron,iron,red
868,1388,0,Iron,iron,red
876,1404,0,Iron,iron,red
876,1412,0,Iron,iron,red
884,1412,0,Iron,iron,red
892,1428,0,Iron,iron,red
892,1436,0,Iron,iron,red
892,1460,0,Iron,iron,red
900,1460,0,Iron,iron,red
900,1468,0,Iron,iron,red
908,1484,0,Iron,iron,red
908,1492,0,Iron,iron,red
916,1516,0,Iron,iron,red
916,1524,0,Iron,iron,red
924,1540,0,Iron,iron,red
932,1540,0,Iron,iron,red
932,1548,0,Iron,iron,red
948,1564,0,Iron,iron,red
956,1564,0,Iron,iron,red
972,1580,0,Iron,iron,red
972,1588,0,Iron,iron,red
980,1588,0,Iron,iron,red
996,1604,0,Iron,iron,red
988,1580,0,Iron,iron,red
996,1580,0,Iron,iron,red
996,1572,0,Iron,iron,red
1004,1572,0,Iron,iron,red
1012,1596,0,Iron,iron,red
1004,1596,0,Iron,iron,red
1004,1604,0,Iron,iron,red
1012,1628,0,Iron,iron,red
1020,1628,0,Iron,iron,red
1035,1644,0,Iron,iron,red
1044,1644,0,Iron,iron,red
1044,1652,0,Iron,iron,red
1052,1668,0,Iron,iron,red
1052,1676,0,Iron,iron,red
1052,1700,0,Iron,iron,red
1060,1700,0,Iron,iron,red
1060,1708,0,Iron,iron,red
1068,1724,0,Iron,iron,red
1060,1732,0,Iron,iron,red
1060,1740,0,Iron,iron,red
1052,1764,0,Iron,iron,red
1044,1772,0,Iron,iron,red
1044,1780,0,Iron,iron,red
1044,1804,0,Iron,iron,red
1044,1812,0,Iron,iron,red
1044,1836,0,Iron,iron,red
1044,1844,0,Iron,iron,red
1052,1860,0,Iron,iron,red
1044,1868,0,Iron,iron,red
1052,1868,0,Iron,iron,red
1052,1892,0,Iron,iron,red
1052,1900,0,Iron,iron,red
1060,1900,0,Iron,iron,red
1068,1916,0,Iron,iron,red
1076,1924,0,Iron,iron,red
1076,1916,0,Iron,iron,red
732,1692,0,Iron,iron,red
740,1692,0,Iron,iron,red
748,1692,0,Iron,iron,red
756,1692,0,Iron,iron,red
772,1684,0,Iron,iron,red
764,1684,0,Iron,iron,red
772,1676,0,Iron,iron,red
2028,212,0,Iron,iron,red
2004,244,0,Iron,iron,red
1996,252,0,Iron,iron,red
1988,252,0,Iron,iron,red
1988,260,0,Iron,iron,red
1980,260,0,Iron,iron,red
1980,268,0,Iron,iron,red
1972,268,0,Iron,iron,red
1972,260,0,Iron,iron,red
1964,268,0,Iron,iron,red
1964,276,0,Iron,iron,red
1996,284,0,Iron,iron,red
1988,284,0,Iron,iron,red
2004,284,0,Iron,iron,red
1996,292,0,Iron,iron,red
2012,284,0,Iron,iron,red
2028,276,0,Iron,iron,red
2044,268,0,Iron,iron,red
2052,260,0,Iron,iron,red
2052,252,0,Iron,iron,red
2060,252,0,Iron,iron,red
2060,228,0,Iron,iron,red
2060,220,0,Iron,iron,red
2012,308,0,Iron,iron,red
2020,308,0,Iron,iron,red
2020,332,0,Iron,iron,red
2028,332,0,Iron,iron,red
2028,340,0,Iron,iron,red
2036,356,0,Iron,iron,red
2036,364,0,Iron,iron,red
2044,388,0,Iron,iron,red
2052,380,0,Iron,iron,red
2052,388,0,Iron,iron,red
2060,388,0,Iron,iron,red
2068,380,0,Iron,iron,red
2068,372,0,Iron,iron,red
2092,340,0,Iron,iron,red
2108,332,0,Iron,iron,red
2124,324,0,Iron,iron,red
2124,316,0,Iron,iron,red
2116,292,0,Iron,iron,red
2116,268,0,Iron,iron,red
2108,268,0,Iron,iron,red
2108,260,0,Iron,iron,red
2100,244,0,Iron,iron,red
2092,236,0,Iron,iron,red
2092,244,0,Iron,iron,red
2084,220,0,Iron,iron,red
2084,212,0,Iron,iron,red
2068,188,0,Iron,iron,red
2068,196,0,Iron,iron,red
2060,164,0,Iron,iron,red
2060,156,0,Iron,iron,red
2068,156,0,Iron,iron,red
2052,140,0,Iron,iron,red
2060,132,0,Iron,iron,red
2052,132,0,Iron,iron,red
2044,132,0,Iron,iron,red
2036,140,0,Iron,iron,red
2028,140,0,Iron,iron,red
2027,148,0,Iron,iron,red
2020,148,0,Iron,iron,red
2012,156,0,Iron,iron,red
1987,188,0,Iron,iron,red
1972,196,0,Iron,iron,red
1980,196,0,Iron,iron,red
1964,204,0,Iron,iron,red
1956,204,0,Iron,iron,red
1956,212,0,Iron,iron,red
1948,212,0,Iron,iron,red
1948,220,0,Iron,iron,red
1932,228,0,Iron,iron,red
1908,236,0,Iron,iron,red
1900,260,0,Iron,iron,red
1892,268,0,Iron,iron,red
1884,268,0,Iron,iron,red
1884,276,0,Iron,iron,red
1892,276,0,Iron,iron,red
1876,308,0,Iron,iron,red
1868,308,0,Iron,iron,red
1868,316,0,Iron,iron,red
1868,340,0,Iron,iron,red
1868,348,0,Iron,iron,red
1876,372,0,Iron,iron,red
1876,380,0,Iron,iron,red
1876,404,0,Iron,iron,red
1884,404,0,Iron,iron,red
1892,428,0,Iron,iron,red
1900,428,0,Iron,iron,red
1908,428,0,Iron,iron,red
1924,420,0,Iron,iron,red
1924,412,0,Iron,iron,red
1924,388,0,Iron,iron,red
1924,380,0,Iron,iron,red
1916,380,0,Iron,iron,red
1908,364,0,Iron,iron,red
1900,364,0,Iron,iron,red
1892,372,0,Iron,iron,red
1892,364,0,Iron,iron,red
1900,356,0,Iron,iron,red
1908,356,0,Iron,iron,red
1916,356,0,Iron,iron,red
1924,356,0,Iron,iron,red
1924,348,0,Iron,iron,red
1932,348,0,Iron,iron,red
1932,340,0,Iron,iron,red
1932,316,0,Iron,iron,red
1924,316,0,Iron,iron,red
1932,308,0,Iron,iron,red
1940,308,0,Iron,iron,red
1940,316,0,Iron,iron,red
1948,308,0,Iron,iron,red
1956,308,0,Iron,iron,red
1964,308,0,Iron,iron,red
1964,300,0,Iron,iron,red
1972,300,0,Iron,iron,red
1980,300,0,Iron,iron,red
1980,292,0,Iron,iron,red
1988,292,0,Iron,iron,red
1988,68,0,Iron,iron,red
1980,68,0,Iron,iron,red
1948,60,0,Iron,iron,red
1948,84,0,Iron,iron,red
1956,84,0,Iron,iron,red
1964,108,0,Iron,iron,red
1972,108,0,Iron,iron,red
1972,100,0,Iron,iron,red
1980,108,0,Iron,iron,red
1988,100,0,Iron,iron,red
1988,92,0,Iron,iron,red
1996,92,0,Iron,iron,red
2276,412,0,Iron,iron,red
2268,412,0,Iron,iron,red
2276,404,0,Iron,iron,red
2268,404,0,Iron,iron,red
2220,492,0,Iron,iron,red
2228,468,0,Iron,iron,red
2228,460,0,Iron,iron,red
2236,460,0,Iron,iron,red
1196,2644,0,Iron,iron,red
1204,2644,0,Iron,iron,red
1204,2652,0,Iron,iron,red
1220,2668,0,Iron,iron,red
1220,2676,0,Iron,iron,red
1228,2692,0,Iron,iron,red
1236,2692,0,Iron,iron,red
1236,2700,0,Iron,iron,red
1252,2692,0,Iron,iron,red
1268,2684,0,Iron,iron,red
1268,2676,0,Iron,iron,red
1260,2652,0,Iron,iron,red
1252,2660,0,Iron,iron,red
1244,2660,0,Iron,iron,red
1244,2652,0,Iron,iron,red
1260,2644,0,Iron,iron,red
1252,2652,0,Iron,iron,red
1268,2644,0,Iron,iron,red
1276,2644,0,Iron,iron,red
1284,2644,0,Iron,iron,red
1292,2644,0,Iron,iron,red
1308,2660,0,Iron,iron,red
1316,2660,0,Iron,iron,red
1324,2684,0,Iron,iron,red
1324,2692,0,Iron,iron,red
1332,2708,0,Iron,iron,red
1324,2716,0,Iron,iron,red
1332,2716,0,Iron,iron,red
1324,2740,0,Iron,iron,red
1332,2740,0,Iron,iron,red
1340,2740,0,Iron,iron,red
1348,2740,0,Iron,iron,red
1348,2732,0,Iron,iron,red
1356,2732,0,Iron,iron,red
1364,2732,0,Iron,iron,red
1364,2724,0,Iron,iron,red
1372,2724,0,Iron,iron,red
1364,2700,0,Iron,iron,red
1380,2716,0,Iron,iron,red
1372,2732,0,Iron,iron,red
1380,2748,0,Iron,iron,red
1388,2748,0,Iron,iron,red
1388,2756,0,Iron,iron,red
1380,2756,0,Iron,iron,red
1372,2764,0,Iron,iron,red
1380,2780,0,Iron,iron,red
1380,2788,0,Iron,iron,red
1516,3012,0,Iron,iron,red
1516,3004,0,Iron,iron,red
1516,2980,0,Iron,iron,red
1516,2972,0,Iron,iron,red
2028,212,0,Iron,iron,red
2004,244,0,Iron,iron,red
1996,252,0,Iron,iron,red
1988,252,0,Iron,iron,red
1988,260,0,Iron,iron,red
2260,388,0,Iron,iron,red
2260,380,0,Iron,iron,red
2252,380,0,Iron,iron,red
2244,388,0,Iron,iron,red
2252,388,0,Iron,iron,red
2260,412,0,Iron,iron,red
2260,420,0,Iron,iron,red
2252,420,0,Iron,iron,red
2252,444,0,Iron,iron,red
2244,444,0,Iron,iron,red
2244,452,0,Iron,iron,red
2236,452,0,Iron,iron,red
2260,444,0,Iron,iron,red
2260,452,0,Iron,iron,red
2252,452,0,Iron,iron,red
2244,460,0,Iron,iron,red
2244,468,0,Iron,iron,red
2212,492,0,Iron,iron,red
1388,2788,0,Iron,iron,red
1412,2796,0,Iron,iron,red
1412,2804,0,Iron,iron,red
1420,2804,0,Iron,iron,red
1420,2828,0,Iron,iron,red
1412,2828,0,Iron,iron,red
1412,2836,0,Iron,iron,red
1388,2868,0,Iron,iron,red
1380,2876,0,Iron,iron,red
1380,2884,0,Iron,iron,red
1388,2900,0,Iron,iron,red
1388,2908,0,Iron,iron,red
1396,2932,0,Iron,iron,red
1404,2932,0,Iron,iron,red
1420,2948,0,Iron,iron,red
1420,2924,0,Iron,iron,red
1420,2916,0,Iron,iron,red
1412,2900,0,Iron,iron,red
1420,2900,0,Iron,iron,red
1420,2892,0,Iron,iron,red
1412,2892,0,Iron,iron,red
1436,2884,0,Iron,iron,red
1428,2884,0,Iron,iron,red
1428,2892,0,Iron,iron,red
1428,2916,0,Iron,iron,red
1436,2916,0,Iron,iron,red
1436,2924,0,Iron,iron,red
1444,2940,0,Iron,iron,red
1452,2940,0,Iron,iron,red
1452,2948,0,Iron,iron,red
1460,2964,0,Iron,iron,red
1460,2972,0,Iron,iron,red
1468,2996,0,Iron,iron,red
1492,3012,0,Iron,iron,red
1492,3020,0,Iron,iron,red
1500,3020,0,Iron,iron,red
1516,2948,0,Iron,iron,red
1516,2940,0,Iron,iron,red
1516,2916,0,Iron,iron,red
1516,2908,0,Iron,iron,red
1508,2884,0,Iron,iron,red
1508,2876,0,Iron,iron,red
1508,2852,0,Iron,iron,red
1508,2844,0,Iron,iron,red
1500,2828,0,Iron,iron,red
1492,2852,0,Iron,iron,red
1500,2852,0,Iron,iron,red
1484,2836,0,Iron,iron,red
1476,2836,0,Iron,iron,red
1492,2828,0,Iron,iron,red
1484,2828,0,Iron,iron,red
1492,2820,0,Iron,iron,red
1500,2820,0,Iron,iron,red
1508,2820,0,Iron,iron,red
1508,2812,0,Iron,iron,red
1516,2788,0,Iron,iron,red
1508,2788,0,Iron,iron,red
1508,2780,0,Iron,iron,red
1500,2764,0,Iron,iron,red
1500,2756,0,Iron,iron,red
1492,2756,0,Iron,iron,red
1492,2732,0,Iron,iron,red
1476,2708,0,Iron,iron,red
1468,2708,0,Iron,iron,red
1452,2692,0,Iron,iron,red
1444,2692,0,Iron,iron,red
1444,2684,0,Iron,iron,red
1420,2676,0,Iron,iron,red
1420,2668,0,Iron,iron,red
1412,2668,0,Iron,iron,red
1404,2652,0,Iron,iron,red
1396,2652,0,Iron,iron,red
1396,2644,0,Iron,iron,red
1388,2652,0,Iron,iron,red
1372,2636,0,Iron,iron,red
1372,2628,0,Iron,iron,red
1364,2604,0,Iron,iron,red
1356,2604,0,Iron,iron,red
1348,2604,0,Iron,iron,red
1324,2596,0,Iron,iron,red
1324,2588,0,Iron,iron,red
1316,2588,0,Iron,iron,red
1308,2572,0,Iron,iron,red
1300,2572,0,Iron,iron,red
1292,2572,0,Iron,iron,red
1292,2580,0,Iron,iron,red
1284,2580,0,Iron,iron,red
1284,2572,0,Iron,iron,red
1276,2580,0,Iron,iron,red
1268,2580,0,Iron,iron,red
1260,2588,0,Iron,iron,red
1252,2588,0,Iron,iron,red
1244,2588,0,Iron,iron,red
1220,2580,0,Iron,iron,red
1212,2580,0,Iron,iron,red
1204,2580,0,Iron,iron,red
1204,2588,0,Iron,iron,red
1196,2588,0,Iron,iron,red
1188,2596,0,Iron,iron,red
1180,2596,0,Iron,iron,red
1172,2604,0,Iron,iron,red
1172,2596,0,Iron,iron,red
1180,2588,0,Iron,iron,red
1164,2604,0,Iron,iron,red
1164,2580,0,Iron,iron,red
1156,2580,0,Iron,iron,red
1156,2572,0,Iron,iron,red
1148,2580,0,Iron,iron,red
1148,2572,0,Iron,iron,red
1140,2580,0,Iron,iron,red
1132,2580,0,Iron,iron,red
1100,2596,0,Iron,iron,red
1108,2596,0,Iron,iron,red
1108,2604,0,Iron,iron,red
1132,2612,0,Iron,iron,red
1140,2612,0,Iron,iron,red
1140,2620,0,Iron,iron,red
1132,2620,0,Iron,iron,red
1148,2612,0,Iron,iron,red
1156,2612,0,Iron,iron,red
1156,2604,0,Iron,iron,red
1212,2572,0,Iron,iron,red
1188,2564,0,Iron,iron,red
1188,2556,0,Iron,iron,red
1180,2556,0,Iron,iron,red
2028,212,0,Iron,iron,red
2004,244,0,Iron,iron,red
1996,252,0,Iron,iron,red
1988,252,0,Iron,iron,red
1988,260,0,Iron,iron,red
2260,388,0,Iron,iron,red
2260,380,0,Iron,iron,red
2252,380,0,Iron,iron,red
2244,388,0,Iron,iron,red
2252,388,0,Iron,iron,red
2260,412,0,Iron,iron,red
2260,420,0,Iron,iron,red
2252,420,0,Iron,iron,red
2252,444,0,Iron,iron,red
2244,444,0,Iron,iron,red
2244,452,0,Iron,iron,red
2236,452,0,Iron,iron,red
2260,444,0,Iron,iron,red
2260,452,0,Iron,iron,red
2252,452,0,Iron,iron,red
2244,460,0,Iron,iron,red
2244,468,0,Iron,iron,red
2212,492,0,Iron,iron,red
1388,2788,0,Iron,iron,red
1412,2796,0,Iron,iron,red
1412,2804,0,Iron,iron,red
1420,2804,0,Iron,iron,red
1420,2828,0,Iron,iron,red
1412,2828,0,Iron,iron,red
1412,2836,0,Iron,iron,red
1388,2868,0,Iron,iron,red
1380,2876,0,Iron,iron,red
1380,2884,0,Iron,iron,red
1388,2900,0,Iron,iron,red
1388,2908,0,Iron,iron,red
1396,2932,0,Iron,iron,red
1404,2932,0,Iron,iron,red
1420,2948,0,Iron,iron,red
1420,2924,0,Iron,iron,red
1420,2916,0,Iron,iron,red
1412,2900,0,Iron,iron,red
1420,2900,0,Iron,iron,red
1420,2892,0,Iron,iron,red
1412,2892,0,Iron,iron,red
1436,2884,0,Iron,iron,red
1428,2884,0,Iron,iron,red
1428,2892,0,Iron,iron,red
1428,2916,0,Iron,iron,red
1436,2916,0,Iron,iron,red
1436,2924,0,Iron,iron,red
1444,2940,0,Iron,iron,red
1452,2940,0,Iron,iron,red
1452,2948,0,Iron,iron,red
1460,2964,0,Iron,iron,red
1460,2972,0,Iron,iron,red
1468,2996,0,Iron,iron,red
1492,3012,0,Iron,iron,red
1492,3020,0,Iron,iron,red
1500,3020,0,Iron,iron,red
1516,2948,0,Iron,iron,red
1516,2940,0,Iron,iron,red
1516,2916,0,Iron,iron,red
1516,2908,0,Iron,iron,red
1508,2884,0,Iron,iron,red
1508,2876,0,Iron,iron,red
1508,2852,0,Iron,iron,red
1508,2844,0,Iron,iron,red
1500,2828,0,Iron,iron,red
1492,2852,0,Iron,iron,red
1500,2852,0,Iron,iron,red
1484,2836,0,Iron,iron,red
1476,2836,0,Iron,iron,red
1492,2828,0,Iron,iron,red
1484,2828,0,Iron,iron,red
1492,2820,0,Iron,iron,red
1500,2820,0,Iron,iron,red
1508,2820,0,Iron,iron,red
1508,2812,0,Iron,iron,red
1516,2788,0,Iron,iron,red
1508,2788,0,Iron,iron,red
1508,2780,0,Iron,iron,red
1500,2764,0,Iron,iron,red
1500,2756,0,Iron,iron,red
1492,2756,0,Iron,iron,red
1492,2732,0,Iron,iron,red
1476,2708,0,Iron,iron,red
1468,2708,0,Iron,iron,red
1452,2692,0,Iron,iron,red
1444,2692,0,Iron,iron,red
1444,2684,0,Iron,iron,red
1420,2676,0,Iron,iron,red
1420,2668,0,Iron,iron,red
1412,2668,0,Iron,iron,red
1404,2652,0,Iron,iron,red
1396,2652,0,Iron,iron,red
1396,2644,0,Iron,iron,red
1388,2652,0,Iron,iron,red
1372,2636,0,Iron,iron,red
1372,2628,0,Iron,iron,red
1364,2604,0,Iron,iron,red
1356,2604,0,Iron,iron,red
1348,2604,0,Iron,iron,red
1324,2596,0,Iron,iron,red
1324,2588,0,Iron,iron,red
1316,2588,0,Iron,iron,red
1308,2572,0,Iron,iron,red
1300,2572,0,Iron,iron,red
1292,2572,0,Iron,iron,red
1292,2580,0,Iron,iron,red
1284,2580,0,Iron,iron,red
1284,2572,0,Iron,iron,red
1276,2580,0,Iron,iron,red
1268,2580,0,Iron,iron,red
1260,2588,0,Iron,iron,red
1252,2588,0,Iron,iron,red
1244,2588,0,Iron,iron,red
1220,2580,0,Iron,iron,red
1212,2580,0,Iron,iron,red
1204,2580,0,Iron,iron,red
1204,2588,0,Iron,iron,red
1196,2588,0,Iron,iron,red
1188,2596,0,Iron,iron,red
1180,2596,0,Iron,iron,red
1172,2604,0,Iron,iron,red
1172,2596,0,Iron,iron,red
1180,2588,0,Iron,iron,red
1164,2604,0,Iron,iron,red
1164,2580,0,Iron,iron,red
1156,2580,0,Iron,iron,red
1156,2572,0,Iron,iron,red
1148,2580,0,Iron,iron,red
1148,2572,0,Iron,iron,red
1140,2580,0,Iron,iron,red
1132,2580,0,Iron,iron,red
1100,2596,0,Iron,iron,red
1108,2596,0,Iron,iron,red
1108,2604,0,Iron,iron,red
1132,2612,0,Iron,iron,red
1140,2612,0,Iron,iron,red
1140,2620,0,Iron,iron,red
1132,2620,0,Iron,iron,red
1148,2612,0,Iron,iron,red
1156,2612,0,Iron,iron,red
1156,2604,0,Iron,iron,red
1212,2572,0,Iron,iron,red
1188,2564,0,Iron,iron,red
1188,2556,0,Iron,iron,red
1180,2556,0,Iron,iron,red
1156,2548,0,Iron,iron,red
1156,2540,0,Iron,iron,red
1148,2540,0,Iron,iron,red
1140,2524,0,Iron,iron,red
1132,2524,0,Iron,iron,red
1124,2524,0,Iron,iron,red
1116,2524,0,Iron,iron,red
1076,2524,0,Iron,iron,red
1068,2516,0,Iron,iron,red
1068,2524,0,Iron,iron,red
1060,2524,0,Iron,iron,red
1036,2532,0,Iron,iron,red
1028,2540,0,Iron,iron,red
1036,2540,0,Iron,iron,red
1028,2564,0,Iron,iron,red
1028,2572,0,Iron,iron,red
1036,2596,0,Iron,iron,red
1036,2604,0,Iron,iron,red
1052,2620,0,Iron,iron,red
1060,2620,0,Iron,iron,red
1068,2644,0,Iron,iron,red
1068,2652,0,Iron,iron,red
1068,2676,0,Iron,iron,red
1068,2684,0,Iron,iron,red
1076,2700,0,Iron,iron,red
1076,2708,0,Iron,iron,red
1084,2708,0,Iron,iron,red
1084,2700,0,Iron,iron,red
1092,2700,0,Iron,iron,red
1092,2692,0,Iron,iron,red
1100,2692,0,Iron,iron,red
1108,2684,0,Iron,iron,red
1116,2660,0,Iron,iron,red
1108,2660,0,Iron,iron,red
1108,2652,0,Iron,iron,red
1116,2652,0,Iron,iron,red
1124,2652,0,Iron,iron,red
1132,2652,0,Iron,iron,red
1140,2652,0,Iron,iron,red
1140,2644,0,Iron,iron,red
1148,2644,0,Iron,iron,red
1156,2644,0,Iron,iron,red
1156,2636,0,Iron,iron,red
1164,2636,0,Iron,iron,red
1172,2636,0,Iron,iron,red
2092,1212,0,Iron,iron,red
2100,1212,0,Iron,iron,red
2108,1212,0,Iron,iron,red
2116,1212,0,Iron,iron,red
2124,1228,0,Iron,iron,red
2172,1212,0,Iron,iron,red
2172,1220,0,Iron,iron,red
2180,1236,0,Iron,iron,red
2180,1244,0,Iron,iron,red
2436,868,0,Iron,iron,red
2428,868,0,Iron,iron,red
2428,876,0,Iron,iron,red
2436,876,0,Iron,iron,red
2444,868,0,Iron,iron,red
2452,892,0,Iron,iron,red
2444,892,0,Iron,iron,red
2444,900,0,Iron,iron,red
2436,900,0,Iron,iron,red
2428,908,0,Iron,iron,red
2428,900,0,Iron,iron,red
2412,884,0,Iron,iron,red
2420,900,0,Iron,iron,red
2396,892,0,Iron,iron,red
2388,892,0,Iron,iron,red
2380,892,0,Iron,iron,red
2372,892,0,Iron,iron,red
2364,900,0,Iron,iron,red
2364,908,0,Iron,iron,red
2348,908,0,Iron,iron,red
2348,916,0,Iron,iron,red
2356,900,0,Iron,iron,red
2356,804,0,Iron,iron,red
2372,828,0,Iron,iron,red
2324,820,0,Iron,iron,red
2396,884,0,Iron,iron,red
2404,884,0,Iron,iron,red
2404,876,0,Iron,iron,red
2412,876,0,Iron,iron,red
2404,852,0,Iron,iron,red
2412,852,0,Iron,iron,red
2420,852,0,Iron,iron,red
2388,884,0,Iron,iron,red
2396,860,0,Iron,iron,red
2388,860,0,Iron,iron,red
2388,852,0,Iron,iron,red
2395,852,0,Iron,iron,red
2380,836,0,Iron,iron,red
2388,828,0,Iron,iron,red
2396,828,0,Iron,iron,red
2380,828,0,Iron,iron,red
2756,2052,0,Iron,iron,red
2748,2076,0,Iron,iron,red
2756,2076,0,Iron,iron,red
2756,2084,0,Iron,iron,red
2764,2100,0,Iron,iron,red
2772,2100,0,Iron,iron,red
2740,2060,0,Iron,iron,red
2732,2060,0,Iron,iron,red
2724,2060,0,Iron,iron,red
2716,2060,0,Iron,iron,red
2716,2068,0,Iron,iron,red
2708,2060,0,Iron,iron,red
2668,2060,0,Iron,iron,red
2660,2060,0,Iron,iron,red
2652,2060,0,Iron,iron,red
2644,2060,0,Iron,iron,red
2612,2076,0,Iron,iron,red
2604,2084,0,Iron,iron,red
2596,2084,0,Iron,iron,red
2596,2092,0,Iron,iron,red
2604,2092,0,Iron,iron,red
2612,2108,0,Iron,iron,red
2604,2116,0,Iron,iron,red
2612,2116,0,Iron,iron,red
2620,2116,0,Iron,iron,red
2628,2132,0,Iron,iron,red
2644,2124,0,Iron,iron,red
2644,2132,0,Iron,iron,red
2652,2132,0,Iron,iron,red
2652,2156,0,Iron,iron,red
2644,2156,0,Iron,iron,red
2644,2164,0,Iron,iron,red
2636,2164,0,Iron,iron,red
2636,2172,0,Iron,iron,red
2636,2188,0,Iron,iron,red
2628,2196,0,Iron,iron,red
2636,2196,0,Iron,iron,red
2644,2196,0,Iron,iron,red
2652,2196,0,Iron,iron,red
2628,2204,0,Iron,iron,red
2620,2228,0,Iron,iron,red
2628,2228,0,Iron,iron,red
2628,2236,0,Iron,iron,red
2628,2260,0,Iron,iron,red
2636,2260,0,Iron,iron,red
2644,2260,0,Iron,iron,red
2660,2252,0,Iron,iron,red
2668,2244,0,Iron,iron,red
2660,2276,0,Iron,iron,red
2668,2276,0,Iron,iron,red
2676,2276,0,Iron,iron,red
2644,2284,0,Iron,iron,red
2644,2292,0,Iron,iron,red
2636,2292,0,Iron,iron,red
2636,2284,0,Iron,iron,red
2612,2276,0,Iron,iron,red
2620,2292,0,Iron,iron,red
2628,2292,0,Iron,iron,red
2692,2268,0,Iron,iron,red
2700,2268,0,Iron,iron,red
2708,2284,0,Iron,iron,red
2716,2284,0,Iron,iron,red
2724,2276,0,Iron,iron,red
2732,2276,0,Iron,iron,red
2740,2276,0,Iron,iron,red
2748,2276,0,Iron,iron,red
2772,2284,0,Iron,iron,red
2780,2284,0,Iron,iron,red
2788,2276,0,Iron,iron,red
2788,2284,0,Iron,iron,red
2796,2284,0,Iron,iron,red
2844,2260,0,Iron,iron,red
2852,2260,0,Iron,iron,red
2852,2252,0,Iron,iron,red
2860,2252,0,Iron,iron,red
2860,2244,0,Iron,iron,red
2868,2244,0,Iron,iron,red
2868,2252,0,Iron,iron,red
3628,2388,0,Iron,iron,red
3604,2436,0,Iron,iron,red
3604,2444,0,Iron,iron,red
3532,2468,0,Iron,iron,red
3524,2468,0,Iron,iron,red
2468,860,0,Iron,iron,red
2460,860,0,Iron,iron,red
2452,860,0,Iron,iron,red
2452,868,0,Iron,iron,red
2492,868,0,Iron,iron,red
2484,876,0,Iron,iron,red
2484,884,0,Iron,iron,red
2492,876,0,Iron,iron,red
2500,876,0,Iron,iron,red
2500,868,0,Iron,iron,red
2508,868,0,Iron,iron,red
2508,860,0,Iron,iron,red
2516,860,0,Iron,iron,red
2516,868,0,Iron,iron,red
2524,860,0,Iron,iron,red
2524,852,0,Iron,iron,red
2532,852,0,Iron,iron,red
2532,860,0,Iron,iron,red
2556,844,0,Iron,iron,red
2548,852,0,Iron,iron,red
2540,852,0,Iron,iron,red
2508,892,0,Iron,iron,red
2524,884,0,Iron,iron,red
2524,892,0,Iron,iron,red
2516,892,0,Iron,iron,red
2532,892,0,Iron,iron,red
2532,884,0,Iron,iron,red
2548,884,0,Iron,iron,red
2548,876,0,Iron,iron,red
2540,876,0,Iron,iron,red
2540,884,0,Iron,iron,red
